project_contract_address,dex,percentage
0x0e738d2a4b5d44627092b74258e071640f0ae4cc,bnb_pancakeswap_2,11.6
0x15d1c7d344e7b0e01a24109b77a616f6d8e9e73c,bnb_pancakeswap_2,11.6
0x576bb6190d7c22cf34d1f3faf062fdd3c2d775af,bnb_pancakeswap_2,11.6
0x989e4abcefd8303d95d6c7dc9cc9d03433e10378,bnb_pancakeswap_2,11.6
0xfc5a25d79f09379bf7f0a6f94ec6cd3ae9b7295b,bnb_pancakeswap_2,11.6
0xb5151965b13872b183eba08e33d0d06743ac8132,bnb_pancakeswap_2,11.6
0x5db75ed81fe90c6bba90c6d07888cc66a3a304c0,bnb_pancakeswap_2,11.6
0x48d807e5cb92617953a88cce78dcf31012f4d6b6,bnb_pancakeswap_2,11.6
0x645b56bdd12ea9cbcfd08d187f06fb81029ce854,bnb_pancakeswap_2,11.6
0x71e9ca44c58ee691ccbda9ded722b8cf3373cec6,bnb_pancakeswap_2,11.6
0x803b7c97876def5abf61ac86cf1a335345390ff1,bnb_pancakeswap_2,11.6
0x16b9a82891338f9ba80e2d6970fdda79d1eb0dae,bnb_pancakeswap_2,11.6
0x16b9a82891338f9ba80e2d6970fdda79d1eb0dae,bnb_pancakeswap_2,11.6
0xf01ed80d46759c0cf6a3e9c66856017d81284962,bnb_pancakeswap_2,11.6
0x705f9174681af8b13e7dd9f1c3ecb6511b25a931,bnb_pancakeswap_2,11.6
0x63a12731b1dcf87112059f6d0e576f3d09c894c2,bnb_pancakeswap_2,11.6
0x287ad27eb5f600130980bf8659c2aaeec0dda822,bnb_pancakeswap_2,11.6
0x0ae267b8f8751894a6d11b9e9e9f9fa42896ee60,bnb_pancakeswap_2,11.6
0x04926dbc3f8fc9566406df24ab38d2006023a759,bnb_pancakeswap_2,11.6
0x16b9a82891338f9ba80e2d6970fdda79d1eb0dae,bnb_pancakeswap_2,11.6
0x3fc593d15c34d2f91ca3b4f2097dddaf3c4de86c,bnb_pancakeswap_2,11.6
0xf7697db76fbf4ba5d22c0c72ab986cf751fba3af,bnb_pancakeswap_2,11.6
0x51a5973492012eccf126d5e97a5f67248acba09e,bnb_pancakeswap_2,11.6
0xcf945de12e2c6b99a54a9ab44a75fb5cac4f2424,bnb_pancakeswap_2,11.6
0xb72723e36a83fb5fe1793f06b436f4720f5de4f9,bnb_pancakeswap_2,11.6
0xa3fe441e6f5b27273fa7294c462bc55c60a0d785,bnb_pancakeswap_2,11.6
0xf82583bbde621efed4e9d19ad6248e3c71f00b97,bnb_pancakeswap_2,11.6
0x0362715cf7c0024345f5ae2ebf97a5014d87d008,bnb_pancakeswap_2,11.6
0x366c83339e3142012e1e7458bfb19798036fc251,bnb_pancakeswap_2,11.6
0xa1b86c93872ee6067a9bc49543a99a81d645fb79,bnb_pancakeswap_2,11.6
0xb734577f6d8ea35180c74237b2f14bf584ee0468,bnb_pancakeswap_2,11.6
0xa9986fcbdb23c2e8b11ab40102990a08f8e58f06,bnb_pancakeswap_2,11.6
0x9eb0bc7a207f77811ee365729d00152622a745b7,bnb_pancakeswap_2,11.6
0x87d7fd8c446cb5d3da3ca23f429e7b7504d1931c,bnb_pancakeswap_2,11.6
0x07a7a6532eea525b58558606c87aeb2d9fe63f61,bnb_pancakeswap_2,11.6
0xd2e69b7fc21f0316fd90c40eff18d3be7e1a20e2,bnb_pancakeswap_2,11.6
0x5c80860f8e48d0e32b21d280043dd7b08a1061fb,bnb_pancakeswap_2,11.6
0xa8a00390645a5821a381b8cf0603f740dd6ff6d0,bnb_pancakeswap_2,11.6
0x5f80dab8ec6e7d77f7fd88fdb98fb16c80f2ca2e,bnb_pancakeswap_2,11.6
0x8ddb66359a81b703aa24042b614a9513a5f099ed,bnb_pancakeswap_2,11.6
0xd51a0ef6888cd9734204bf2296462d5781440ed0,bnb_pancakeswap_2,11.6
0x1c90e8a9cc76297a2427f6831e6c6b20c5a5386b,bnb_pancakeswap_2,11.6
0x58bf4f8cdaafb4b394ee8266e2c3fe420cf16b71,bnb_pancakeswap_2,11.6
0xb72723e36a83fb5fe1793f06b436f4720f5de4f9,bnb_pancakeswap_2,11.6
0x7500e0634a2d7da9963bb2bb1150abc110cdc4e1,bnb_pancakeswap_2,11.6
0x2d515b3a46a6f19957af7b448132f43f95dcad40,bnb_pancakeswap_2,11.6
0x465addfc50bf477f2b6c704279cd11e110d36bb6,bnb_pancakeswap_2,11.6
0x52f7d5ea4bbefd03d969be5dfd4d12cb05c51220,bnb_pancakeswap_2,11.6
0x3d666bead7e106879d299142f52701544dd70f2d,bnb_pancakeswap_2,11.6
0x5a5fd4dbf70747e684f43b43ab53d4b0c733293d,bnb_pancakeswap_2,11.6
0xf0c127d0dc998ac17141e1793134c9a1ba767699,bnb_pancakeswap_2,11.6
0xb01acbb7230f2201e033bc82ba789f54758df2af,bnb_pancakeswap_2,11.6
0x741c5c0001111a8fcf7de66012d16477e07389c3,bnb_pancakeswap_2,11.6
0x5db75ed81fe90c6bba90c6d07888cc66a3a304c0,bnb_pancakeswap_2,11.6
0x6df9adc1837bf37e0b1b943d59a7e50d9678c81b,bnb_pancakeswap_2,11.6
0xa2e6b0f1e795f9b3e87aa2bdcfcda0f4a41746c8,bnb_pancakeswap_2,11.6
0x8665a78ccc84d6df2acaa4b207d88c6bc9b70ec5,bnb_pancakeswap_2,11.6
0x0446a8892c1d38890ac8b36e42914eb93bd6076f,bnb_pancakeswap_2,11.6
0x9eb0bc7a207f77811ee365729d00152622a745b7,bnb_pancakeswap_2,11.6
0x73609708d493fa1761f2fed5b07f55de7f84b317,bnb_pancakeswap_2,11.6
0x338ea735b5e2c2b808e84091ed27937f882efcbc,bnb_pancakeswap_2,11.6
0x16b9a82891338f9ba80e2d6970fdda79d1eb0dae,bnb_pancakeswap_2,11.6
0xbac46a1e83c9ff163e26b6dc90987a3dc3d56d69,bnb_pancakeswap_2,11.6
0x0ec12db33551afba853b691b4edf49196ea0e99a,bnb_pancakeswap_2,11.6
0x4dce12240b37879610601eb70685d396faf06417,bnb_pancakeswap_2,11.6
0xd32041a219835ed79c1ffd7f43df68d06b9b13d5,bnb_pancakeswap_2,11.6
0x1f1e7f11e0892392f9f3d450fdbdd4299ed3efd3,bnb_pancakeswap_2,11.6
0x8665a78ccc84d6df2acaa4b207d88c6bc9b70ec5,bnb_pancakeswap_2,11.6
0xbecde8e5b48b65e18d8c19e40b026357ca8deb6d,bnb_pancakeswap_2,11.6
0xc13aa76aac067c86ae38028019f414d731b3d86a,bnb_pancakeswap_2,11.6
0x0ec12db33551afba853b691b4edf49196ea0e99a,bnb_pancakeswap_2,11.6
0x3de9bc265b9543e067597bfd997e11d43a734bf5,bnb_pancakeswap_2,11.6
0x287ad27eb5f600130980bf8659c2aaeec0dda822,bnb_pancakeswap_2,11.6
0xa8a00390645a5821a381b8cf0603f740dd6ff6d0,bnb_pancakeswap_2,11.6
0x7b450e7dc6a657c6025bed1f5b6e13f0ead4ff31,bnb_pancakeswap_2,11.6
0xe24b314097ab6f8b7d7a34dbc79b275faee3510f,bnb_pancakeswap_2,11.6
0xa0f98321f02e90e13d04b08c1b9f3252dde15fd3,bnb_pancakeswap_2,11.6
0x41ce7724435b9732aa49f713f6117b42e178a3e8,bnb_pancakeswap_2,11.6
0x334acebc47f01b37d4afd8f3d60b225b633db3c0,bnb_pancakeswap_2,11.6
0x16b9a82891338f9ba80e2d6970fdda79d1eb0dae,bnb_pancakeswap_2,11.6
0x754d9bebb2b22bb4672330d3dcb892586bd4f82b,bnb_pancakeswap_2,11.6
0x7b450e7dc6a657c6025bed1f5b6e13f0ead4ff31,bnb_pancakeswap_2,11.6
0x8665a78ccc84d6df2acaa4b207d88c6bc9b70ec5,bnb_pancakeswap_2,11.6
0x309391a889a2bf2425f61726ed5799fe0c1dd024,bnb_pancakeswap_2,11.6
0x5190782158e92ba32ba9d84956f18dd70039453e,bnb_pancakeswap_2,11.6
0x3242d6dfa4481ac082b2c96ea99de4f97925d2b3,bnb_pancakeswap_2,11.6
0x16b9a82891338f9ba80e2d6970fdda79d1eb0dae,bnb_pancakeswap_2,11.6
0xf5f33c69b4130864d22f10477327e33a26e1090d,bnb_pancakeswap_2,11.6
0x991f7be5278fd8c353d62e22743e4ca0b815ec8d,bnb_pancakeswap_2,11.6
0xa659e43b2b9e3ea5260942e5d46abdf14910618d,bnb_pancakeswap_2,11.6
0xa0ee789a8f581cb92dd9742ed0b5d54a0916976c,bnb_pancakeswap_2,11.6
0x6285d26cab2b993ae5a3bbed465199dc9d1ad745,bnb_pancakeswap_2,11.6
0x15960ba3504fdd70230cb0e62ebec80846ae9fad,bnb_pancakeswap_2,11.6
0x2c594e8e97a90660d82369a1947a3f980c4e2320,bnb_pancakeswap_2,11.6
0x33b8c19ad1de4133407a3eaf5f2990da6830b4a7,bnb_pancakeswap_2,11.6
0x16b9a82891338f9ba80e2d6970fdda79d1eb0dae,bnb_pancakeswap_2,11.6
0x5a5fd4dbf70747e684f43b43ab53d4b0c733293d,bnb_pancakeswap_2,11.6
0x0ec12db33551afba853b691b4edf49196ea0e99a,bnb_pancakeswap_2,11.6
0x0e537bb44eb6064d12326ff2543d918e9b9a5482,bnb_pancakeswap_2,11.6
0xf9b4ede9841e106c70c98c4d2bfa4c4fb2d364ee,base_uniswap_3,9.2
0xaec085e5a5ce8d96a7bdd3eb3a62445d4f6ce703,base_uniswap_3,9.2
0x9c087eb773291e50cf6c6a90ef0f4500e349b903,base_uniswap_3,9.2
0x5b7232e74241a45540bd844d01cfc2ddad9cfd1b,base_uniswap_3,9.2
0x59b873b7af67dcdd0d58d7b9066fcc519ba24468,base_uniswap_3,9.2
0x75fb62aa7d072a6a96692b207278a760e5df42cc,base_uniswap_3,9.2
0xd0b53d9277642d899df5c87a3966a349a798f224,base_uniswap_3,9.2
0x76c0106bba123e9b32770b2b34b6d13bf4cfa933,base_uniswap_3,9.2
0xab28184af1432e6bb68c070fde7e1b84c9871f57,base_uniswap_3,9.2
0x003c957007f98ceeb33031700835f011c96efd4c,base_uniswap_3,9.2
0x9c087eb773291e50cf6c6a90ef0f4500e349b903,base_uniswap_3,9.2
0xc818437fec05b9bb25742d619287b86a8056fec8,base_uniswap_3,9.2
0x42598507719c2f95775b0563088ee844c27dc671,base_uniswap_3,9.2
0x9731fac4a2bc0a923ad789458fac9c63599db33b,base_uniswap_3,9.2
0x5cc4a43f2681a03d9187f3ad6934c748a86d6119,base_uniswap_3,9.2
0x67a11022b7b6ed66f81233f6c8ed6e48f7826530,base_uniswap_3,9.2
0xd0b53d9277642d899df5c87a3966a349a798f224,base_uniswap_3,9.2
0xa4ae8a38a6414f3bf14b1ecfc9893035d1dd379f,base_uniswap_3,9.2
0x62c62d8a0f4d5162b919e7fa9a066684f5122a8c,base_uniswap_3,9.2
0xeaf83072a3c0c160626859bea32df5cd1c256656,base_uniswap_3,9.2
0x692a1ff8823f5edc52b72b823faba5df1e3f23c0,base_uniswap_3,9.2
0xe5b5f522e98b5a2baae212d4da66b865b781db97,base_uniswap_3,9.2
0xb4cb800910b228ed3d0834cf79d697127bbb00e5,base_uniswap_3,9.2
0x0ea13439f0818bd0598c002d9337374a78d5fe47,base_uniswap_3,9.2
0x6603a9cb111199f5bf155e4ce7b9903858dad5d9,base_uniswap_3,9.2
0x9c087eb773291e50cf6c6a90ef0f4500e349b903,base_uniswap_3,9.2
0x5f4a6ae7c035a1c8fbe1148216c666641adbc681,base_uniswap_3,9.2
0x269bda0512de57cd0be0270686ffb3964c05e19b,base_uniswap_3,9.2
0x062d9afe7d0c0cbc1806b8c035ee6a08268362f2,base_uniswap_3,9.2
0x4425dc15607fd22b92935a4736d8f4c5ab54887a,base_uniswap_3,9.2
0xc1a6fbedae68e1472dbb91fe29b51f7a0bd44f97,base_uniswap_3,9.2
0xcb4aaa0b65c143b67021549de5dee6f0c8421966,base_uniswap_3,9.2
0x5cc4a43f2681a03d9187f3ad6934c748a86d6119,base_uniswap_3,9.2
0xb8371616896e5953f7425d71c047cd3df738c379,base_uniswap_3,9.2
0x021235b92a4f52c789f43a1b01453c237c265861,base_uniswap_3,9.2
0xd56da2b74ba826f19015e6b7dd9dae1903e85da1,base_uniswap_3,9.2
0xc58fecb0c0f0d5b40b5bdac3cca989e8a49f732f,base_uniswap_3,9.2
0x5cc4a43f2681a03d9187f3ad6934c748a86d6119,base_uniswap_3,9.2
0xadb07748b855204dcfc2524ab7ba7e3a6661498a,base_uniswap_3,9.2
0x39c58902dc7a4c1b626cd203c0fd1be4603b66f4,base_uniswap_3,9.2
0x589318803b668dce86731df66395331df14a4d45,base_uniswap_3,9.2
0x5cc4a43f2681a03d9187f3ad6934c748a86d6119,base_uniswap_3,9.2
0x2312643d266817edc7a6d830887f91a09246581a,base_uniswap_3,9.2
0x16f9a294469b6a7b2e662d59a8ed0b44accb5684,base_uniswap_3,9.2
0x5a76b46c803f3af7c182b3ffe44175f4b1b286de,base_uniswap_3,9.2
0x9e58257a4e839eaf82540f57abc985f079ed71c2,base_uniswap_3,9.2
0x44fea86e09609f573d579c7114f8675b2ac656db,base_uniswap_3,9.2
0xa2e17c7481c7ebd22ca0db744fb8bdf0e3e1d92a,base_uniswap_3,9.2
0xd140fc976bc2bfa158e9ab737084dd5a786318a0,base_uniswap_3,9.2
0x91fb83b9cff82db9a8fdb2eaad94e84a578f793d,base_uniswap_3,9.2
0xd0b53d9277642d899df5c87a3966a349a798f224,base_uniswap_3,9.2
0xd0b53d9277642d899df5c87a3966a349a798f224,base_uniswap_3,9.2
0x5cc4a43f2681a03d9187f3ad6934c748a86d6119,base_uniswap_3,9.2
0xb4cb800910b228ed3d0834cf79d697127bbb00e5,base_uniswap_3,9.2
0x7aea2e8a3843516afa07293a10ac8e49906dabd1,base_uniswap_3,9.2
0x269bda0512de57cd0be0270686ffb3964c05e19b,base_uniswap_3,9.2
0x51bc3d86583652d2ba5b788341bf64a8a43c1fc3,base_uniswap_3,9.2
0xda8bd128e3cfacf05d0a4c292eb3053a84d36e88,base_uniswap_3,9.2
0x3d5d143381916280ff91407febeb52f2b60f33cf,base_uniswap_3,9.2
0x67a11022b7b6ed66f81233f6c8ed6e48f7826530,base_uniswap_3,9.2
0x988670f78e4f9926464a68cf1dd13b62719bf4ee,base_uniswap_3,9.2
0xcdabcc7c720f52106a20fb60d83b96ec3bad05d6,base_uniswap_3,9.2
0x7a5cd8bd33de551826fed92d25e3df88a491366a,base_uniswap_3,9.2
0x1c2a8882eab99ce814f8a9aab983d2b609a119bb,base_uniswap_3,9.2
0x50886f5178eb2f7c6d0dbf17b3b0ee5684a84045,base_uniswap_3,9.2
0x0637149bd73a2719c171f03b7d53c6eaaaca4fd5,base_uniswap_3,9.2
0x988670f78e4f9926464a68cf1dd13b62719bf4ee,base_uniswap_3,9.2
0x3c7e39b6286ff8819035325ed9f48352856827e4,base_uniswap_3,9.2
0xb5a2a0de7753698d0d3c8c37a0e74fee440a6091,base_uniswap_3,9.2
0x9c087eb773291e50cf6c6a90ef0f4500e349b903,base_uniswap_3,9.2
0xa9ea40cf1652a48dbbcdf5e9da2ded3a4ff63dd3,base_uniswap_3,9.2
0xd639e370a943ffb882f6d392d74b4e20b7a7481c,base_uniswap_3,9.2
0xd0b53d9277642d899df5c87a3966a349a798f224,base_uniswap_3,9.2
0x3c7e39b6286ff8819035325ed9f48352856827e4,base_uniswap_3,9.2
0xf0b720732b8f3415561e967c356c2fb81b309e1e,base_uniswap_2,8.9
0x0d0e018838a11955b2bbccc4ac1f696e3bc9ffd7,base_uniswap_2,8.9
0xa46d5090499efb9c5dd7d95f7ca69f996b9fb761,base_uniswap_2,8.9
0xd33805985642fa9338e1fa150ca811406f96f0de,base_uniswap_2,8.9
0xb826ae4fd2af01367dab1eb667fd7c57583c2d61,base_uniswap_2,8.9
0xc1a6d4ccb0e913c7f785fcc60811b34bc8cc801c,base_uniswap_2,8.9
0xc706d9349e244242991bcdf12ccd880b9b89fa69,base_uniswap_2,8.9
0xe3c1fd4b6a7b0e527f6c53ab21111f4120b616cd,base_uniswap_2,8.9
0x2b4a93fd675a4f7f6a50e36ed176e83801e737fa,base_uniswap_2,8.9
0x1831507bc2e1bbf8f3c3507bdf61267fe3ecbb37,base_uniswap_2,8.9
0x007bf06613ee6e58ac59aa070dcde4db89f49fb7,base_uniswap_2,8.9
0xd91654dd9ae63d74e2446afb7cd4411ecc1b02e2,base_uniswap_2,8.9
0x572ec0474a6e52eae4638965ed0592d59ec70ead,base_uniswap_2,8.9
0xcdc5017a9d6d53aa58b14fc867db897aa3bb0f24,base_uniswap_2,8.9
0x17a3ad8c74c4947005afeda9965305ae2eb2518a,base_uniswap_2,8.9
0x95949879cac11b82c0de0334a8b9e40a969c40b6,base_uniswap_2,8.9
0x0d5aa5c1575554164bd1f6329c6db4a12f6b2e71,base_uniswap_2,8.9
0x35c6a202f5f718cd9225b8ead067126c8542a32a,base_uniswap_2,8.9
0xedc6eb8333d4a910448f91768d444d9826e8c955,base_uniswap_2,8.9
0x4fe4a5f570b046e3704acd72fef6c508a310d3aa,base_uniswap_2,8.9
0xaf2271b9dfa61363abac887ff65da2416dd30619,base_uniswap_2,8.9
0x5f220da641f1d32cd175151e7d967254574043cf,base_uniswap_2,8.9
0x4e2a95f2104d0db8dd35ba10b03643d605dbb7ae,base_uniswap_2,8.9
0x71679212e2b3704f376ad8774875d1a73e71d146,base_uniswap_2,8.9
0x368ea6f645deb6d1a8692fe93c550d2834150865,base_uniswap_2,8.9
0x7ff277cb83ca0cafed8008bbde1cb8101f49a4dd,base_uniswap_2,8.9
0xef9928c638f44b864d55cd894244d0ed1cfb3b0f,base_uniswap_2,8.9
0x53c39057832916a715530688aef8138b826c59f9,base_uniswap_2,8.9
0xa46d5090499efb9c5dd7d95f7ca69f996b9fb761,base_uniswap_2,8.9
0x870f9783501f79f66eecb19fa97f4babf630b2a3,base_uniswap_2,8.9
0x9453a6c518765141522345b607c76ee0c7467c91,base_uniswap_2,8.9
0xb494ea4174a4492f1e30d65cc845101711cd85c3,base_uniswap_2,8.9
0xa46d5090499efb9c5dd7d95f7ca69f996b9fb761,base_uniswap_2,8.9
0x7464850cc1cfb54a2223229b77b1bca2f888d946,base_uniswap_2,8.9
0xa46d5090499efb9c5dd7d95f7ca69f996b9fb761,base_uniswap_2,8.9
0xa46d5090499efb9c5dd7d95f7ca69f996b9fb761,base_uniswap_2,8.9
0xb8ec0f6c3534531d18e4cdaf11e3d5abbcae6bc9,base_uniswap_2,8.9
0xa46d5090499efb9c5dd7d95f7ca69f996b9fb761,base_uniswap_2,8.9
0xf19c00314af9ad20acb28ba8249a8a286468f8b9,base_uniswap_2,8.9
0xe31c372a7af875b3b5e0f3713b17ef51556da667,base_uniswap_2,8.9
0xeb98f38e42d8e1dc2a665878323b6b75f623f690,base_uniswap_2,8.9
0xb48ab73cd14d7f37078fee2a95f75c8d06e66c97,base_uniswap_2,8.9
0x13dd03e750fe31683bcd57d88ba665e74c778b13,base_uniswap_2,8.9
0x32e44e3e043db5bb2590410a99552fe839c643d7,base_uniswap_2,8.9
0x88a43bbdf9d098eec7bceda4e2494615dfd9bb9c,base_uniswap_2,8.9
0x0998d7dae46ba2f1bd69c8af058a3a555c57354b,base_uniswap_2,8.9
0xa46d5090499efb9c5dd7d95f7ca69f996b9fb761,base_uniswap_2,8.9
0x7d1817c407abde66bd1b0071b235842983ad64c0,base_uniswap_2,8.9
0xabbd127b86d9d1840aa3825ad39e78c0584d5e80,base_uniswap_2,8.9
0xd91654dd9ae63d74e2446afb7cd4411ecc1b02e2,base_uniswap_2,8.9
0xa46d5090499efb9c5dd7d95f7ca69f996b9fb761,base_uniswap_2,8.9
0x0998d7dae46ba2f1bd69c8af058a3a555c57354b,base_uniswap_2,8.9
0xb915378717d133d7e0f75d4348dafbca30df67d8,base_uniswap_2,8.9
0xaded599356b756b64b90dcbf68d6a062b2934060,base_uniswap_2,8.9
0xd91654dd9ae63d74e2446afb7cd4411ecc1b02e2,base_uniswap_2,8.9
0xbd211546c6e7d885c2b0d78a97e1beff665f487a,base_uniswap_2,8.9
0xa46d5090499efb9c5dd7d95f7ca69f996b9fb761,base_uniswap_2,8.9
0xe31c372a7af875b3b5e0f3713b17ef51556da667,base_uniswap_2,8.9
0x7dc3662f4c2c41c5752652e8b417a9024c2b1f63,base_uniswap_2,8.9
0xc4cfb67ee594443d9368dd37f3cdd1ecf717d3fa,base_uniswap_2,8.9
0x4534ef8df3fd112f64506b5135b125a6f2cd9e60,base_uniswap_2,8.9
0xaf2271b9dfa61363abac887ff65da2416dd30619,base_uniswap_2,8.9
0x8feb65c60b84eef9486a44f67f791175da154af3,base_uniswap_2,8.9
0x0e4b82e8b3c06079a69062db65f272ecb3e62682,base_uniswap_2,8.9
0x6f03f0ec5433f925754dce9bbe7c2f7016e811a6,base_uniswap_2,8.9
0x83f2db1557881ff602fe8c30480572c2c226a58c,base_uniswap_2,8.9
0xad2831d986a39e881abaac8c308e7c99ef248e96,base_uniswap_2,8.9
0x2d99a5fb6fe611d00b8c897c8d1d1fcb62218f3c,base_uniswap_2,8.9
0xaa7089410cd69d9584ee5a72dc94a7bf75d530e0,base_uniswap_2,8.9
0x368b79d3053e581c76547568b930cd74e08bf6d9,base_uniswap_2,8.9
0x83c632ff782d87d49fc7207042d70ee34c525f90,base_uniswap_2,8.9
0x985e4a61aeb386d5286ec46571472c0635c5dadd,base_uniswap_2,8.9
0x01205128a5e35babc55ba56bb5695db7b97c74e5,base_uniswap_2,8.9
0x51b8f730f8bf77236e6040cc503a560b3c52e12c,base_uniswap_2,8.9
0x9a5d70078c361f4e1340e445251f3d521e5a59a2,base_uniswap_2,8.9
0xa0f0cae1b742d91d1ce514d59025edb8d4abb44f,base_uniswap_2,8.9
0xbedf282c8d3da33c26f0e048808eb525744a703d,base_uniswap_2,8.9
0xdb7a2d387f33d2af138654403a773b085f41cb5e,base_uniswap_2,8.9
0x9455a69ea98229a75fdc59a06568371bccf535a7,base_uniswap_2,8.9
0x51b8f730f8bf77236e6040cc503a560b3c52e12c,base_uniswap_2,8.9
0x46d3e41f5bf21b34335ff2485586cf3379e340d2,base_uniswap_2,8.9
0xa46d5090499efb9c5dd7d95f7ca69f996b9fb761,base_uniswap_2,8.9
0x4072eae1e5acd2a207060afb6f0f095172813671,base_uniswap_2,8.9
0x97cda13d2ae62592ca349871c48a2322cad8da0b,base_uniswap_2,8.9
0xc0bac29e7b55b3253a3d63ef4f6961b30c8e535d,bnb_pancakeswap_3,7.7
0xe97a32680217f25498e4431de3aa79e39ac210c1,bnb_pancakeswap_3,7.7
0x172fcd41e0913e95784454622d1c3724f546f849,bnb_pancakeswap_3,7.7
0x90a54475d512b8f3852351611c38fad30a513491,bnb_pancakeswap_3,7.7
0x21731bd208d2d074d9e279175185799284745528,bnb_pancakeswap_3,7.7
0x0dca2198d75127d387a4851a1b08c1b34b4c2acc,bnb_pancakeswap_3,7.7
0xc322439592f9729fe956cb019b0d7bce9a72589e,bnb_pancakeswap_3,7.7
0x3014acc57dde05b90cc2d57af65e8ba61482ec04,bnb_pancakeswap_3,7.7
0x172fcd41e0913e95784454622d1c3724f546f849,bnb_pancakeswap_3,7.7
0x172fcd41e0913e95784454622d1c3724f546f849,bnb_pancakeswap_3,7.7
0x172fcd41e0913e95784454622d1c3724f546f849,bnb_pancakeswap_3,7.7
0x7f51c8aaa6b0599abd16674e2b17fec7a9f674a1,bnb_pancakeswap_3,7.7
0x172fcd41e0913e95784454622d1c3724f546f849,bnb_pancakeswap_3,7.7
0xf28c6e077648f5af35969eddaf146c4dc87179ae,bnb_pancakeswap_3,7.7
0x7f51bbf34156ba802deb0e38b7671dc4fa32041d,bnb_pancakeswap_3,7.7
0x86822663969b21ce8b3fc37ebf6eed265dc11d18,bnb_pancakeswap_3,7.7
0x8e76a42daa206fa114884cc68f82f225e210e5b8,bnb_pancakeswap_3,7.7
0x172fcd41e0913e95784454622d1c3724f546f849,bnb_pancakeswap_3,7.7
0x8b529415803587024440c409d1405744b6058da0,bnb_pancakeswap_3,7.7
0x6abe9fe208ff4b9850361654eb80541f8b12262a,bnb_pancakeswap_3,7.7
0x22536030b9ce783b6ddfb9a39ac7f439f568e5e6,bnb_pancakeswap_3,7.7
0x247f51881d1e3ae0f759afb801413a6c948ef442,bnb_pancakeswap_3,7.7
0x247f51881d1e3ae0f759afb801413a6c948ef442,bnb_pancakeswap_3,7.7
0xe3cbe4dd1bd2f7101f17d586f44bab944091d383,bnb_pancakeswap_3,7.7
0xbffec96e8f3b5058b1817c14e4380758fada01ef,bnb_pancakeswap_3,7.7
0x50a9663b08a33eddd9a642590f5cb8fb4079b8f8,bnb_pancakeswap_3,7.7
0xa322b156b138deaa6b5df1f76154ee019f33db25,bnb_pancakeswap_3,7.7
0xf39978924d07710c741413a31ff89c7fcf2bdcc6,bnb_pancakeswap_3,7.7
0x19c3e84a67c67998fa0e85a2ee4db77e0ea8dfb7,bnb_pancakeswap_3,7.7
0x247f51881d1e3ae0f759afb801413a6c948ef442,bnb_pancakeswap_3,7.7
0xcc82e9b425386fa958900083e8c5fecce1bd228f,bnb_pancakeswap_3,7.7
0x3bd9adc3803b34952dcda4998ed60d519df836c5,bnb_pancakeswap_3,7.7
0x36696169c63e42cd08ce11f5deebbcebae652050,bnb_pancakeswap_3,7.7
0xe2522229e6e30388b3cb2493e8462c27831e247e,bnb_pancakeswap_3,7.7
0x80968a476e0235a026fd1f33aaac5a3b7b76110f,bnb_pancakeswap_3,7.7
0x71d8d5a672aa25e51f2e3a380348cffbbf928782,bnb_pancakeswap_3,7.7
0xa5067360b13fc7a2685dc82dcd1bf2b4b8d7868b,bnb_pancakeswap_3,7.7
0x70ee03d5d02c16a2ddac4c0b3378ee37f79f1c48,bnb_pancakeswap_3,7.7
0xb31eb275c3e542f88b4723d27e2e931dd191f5ca,bnb_pancakeswap_3,7.7
0x172fcd41e0913e95784454622d1c3724f546f849,bnb_pancakeswap_3,7.7
0x172fcd41e0913e95784454622d1c3724f546f849,bnb_pancakeswap_3,7.7
0x4f3126d5de26413abdcf6948943fb9d0847d9818,bnb_pancakeswap_3,7.7
0xafb2da14056725e3ba3a30dd846b6bbbd7886c56,bnb_pancakeswap_3,7.7
0xf2688fb5b81049dfb7703ada5e770543770612c4,bnb_pancakeswap_3,7.7
0x2bfd7b1f1481ecb6610fa6223726518fa0da99f1,bnb_pancakeswap_3,7.7
0x172fcd41e0913e95784454622d1c3724f546f849,bnb_pancakeswap_3,7.7
0x79a5c0046bb8b2f835b78e38082f0b73c6e5733e,bnb_pancakeswap_3,7.7
0x7756d3dd6d559cb7cea5b8a87fb7b40342325e52,bnb_pancakeswap_3,7.7
0x172fcd41e0913e95784454622d1c3724f546f849,bnb_pancakeswap_3,7.7
0x1d519280255d5d90f469f79dc8f5abe05f64429f,bnb_pancakeswap_3,7.7
0x0af945f2688b81475565078ba63bb524d9f270f3,bnb_pancakeswap_3,7.7
0x74d0b9c9360649c06dc5389172a6235c1341db8b,bnb_pancakeswap_3,7.7
0xb187e425f60e973a7c083a497536db249c2d7b18,bnb_pancakeswap_3,7.7
0x62edaf2a56c9fb55be5f9b1399ac067f6a37013b,bnb_pancakeswap_3,7.7
0x172fcd41e0913e95784454622d1c3724f546f849,bnb_pancakeswap_3,7.7
0xdb25c09d96c165b62f6e6f9d9b17174738d897ba,bnb_pancakeswap_3,7.7
0x46cf1cf8c69595804ba91dfdd8d6b960c9b0a7c4,bnb_pancakeswap_3,7.7
0x62fcb3c1794fb95bd8b1a97f6ad5d8a7e4943a1e,bnb_pancakeswap_3,7.7
0x85faac652b707fdf6907ef726751087f9e0b6687,bnb_pancakeswap_3,7.7
0x36696169c63e42cd08ce11f5deebbcebae652050,bnb_pancakeswap_3,7.7
0xe34d6bfae22b2be54e445940f1afbc914b1f702e,bnb_pancakeswap_3,7.7
0xc18caa1658b91076425c8d287ca1b8e238344bfe,bnb_pancakeswap_3,7.7
0xcec31052610aaf0693d6b4d34e055687af3aeee6,bnb_pancakeswap_3,7.7
0x8c7a325bc654757de55711a608ee228709b0d40a,bnb_pancakeswap_3,7.7
0x172fcd41e0913e95784454622d1c3724f546f849,bnb_pancakeswap_3,7.7
0x0074fc89aac21f5deb884e737b513cd0586e655e,bnb_pancakeswap_3,7.7
0x2b30ba2617a048c82a091a1465ccc56a312bbf65,bnb_pancakeswap_3,7.7
0xf2688fb5b81049dfb7703ada5e770543770612c4,bnb_pancakeswap_3,7.7
0x62edaf2a56c9fb55be5f9b1399ac067f6a37013b,bnb_pancakeswap_3,7.7
0x6bbc40579ad1bbd243895ca0acb086bb6300d636,bnb_pancakeswap_3,7.7
0xd15cb1c3c5e1a761f4ac1486453b0fdfc493a1e2,bnb_pancakeswap_3,7.7
0x409815147c5a3c3c5cc1ef4379ca70628fe790ca,bnb_pancakeswap_3,7.7
0x1e213600fa9317feac4ef4087acdf5d0e25d7187,bnb_pancakeswap_3,7.7
0x75f4c90a516cb70eb22c4a6c049fff4443c0b96d,bnb_pancakeswap_3,7.7
0x8f45b99bf65cdbf9bc0c0b4846d6a324d2de5314,bnb_pancakeswap_3,7.7
0x172fcd41e0913e95784454622d1c3724f546f849,bnb_pancakeswap_3,7.7
0xe043558b77e2b4c262d7d6e579b005ceb7f4591c,bnb_pancakeswap_3,7.7
0xb12bdeb305b99e787512468fe75f41490c68c7a4,bnb_pancakeswap_3,7.7
0xbffec96e8f3b5058b1817c14e4380758fada01ef,bnb_pancakeswap_3,7.7
0xbe6494e2b4f5a1200afe9f915b52962544c83f65,bnb_pancakeswap_3,7.7
0x172fcd41e0913e95784454622d1c3724f546f849,bnb_pancakeswap_3,7.7
0x1cf02babbf1773d99861ea725caf067ae3218090,bnb_pancakeswap_3,7.7
0xb1864889f7e6a43ee46b77d4c815521b653ea6c0,bnb_pancakeswap_3,7.7
0xf2688fb5b81049dfb7703ada5e770543770612c4,bnb_pancakeswap_3,7.7
0x36696169c63e42cd08ce11f5deebbcebae652050,bnb_pancakeswap_3,7.7
0x8589e004032b8c6fdd113ee3eb02ebe59ae2a5be,bnb_pancakeswap_3,7.7
0x92fc7783bd73b39a90fd4d457926783752d4ae6b,bnb_pancakeswap_3,7.7
0xe7b52a706f6c010e93ee187f4806ed0ee9830776,bnb_pancakeswap_3,7.7
0x172fcd41e0913e95784454622d1c3724f546f849,bnb_pancakeswap_3,7.7
0x247f51881d1e3ae0f759afb801413a6c948ef442,bnb_pancakeswap_3,7.7
0x62fcb3c1794fb95bd8b1a97f6ad5d8a7e4943a1e,bnb_pancakeswap_3,7.7
0xb2e1f68f602de6da17c2956449a25660ac150333,bnb_pancakeswap_3,7.7
0x6b20f08b58bdc01a303e174ac2cabf4ccab17c00,bnb_pancakeswap_3,7.7
0x36696169c63e42cd08ce11f5deebbcebae652050,bnb_pancakeswap_3,7.7
0xf1be456cb8cd8eb787270093e7910ac43f9a812a,bnb_pancakeswap_3,7.7
0xf2688fb5b81049dfb7703ada5e770543770612c4,bnb_pancakeswap_3,7.7
0x62edaf2a56c9fb55be5f9b1399ac067f6a37013b,bnb_pancakeswap_3,7.7
0xb2af49dbf526054faf19602860a5e298a79f3d05,bnb_pancakeswap_3,7.7
0xa06261529e36f7f702e2c9764905e27f93237286,bnb_pancakeswap_3,7.7
0xa7afebdbaad7de2d99260266688fb8317a8d3d18,bnb_pancakeswap_3,7.7
0x7f51bbf34156ba802deb0e38b7671dc4fa32041d,bnb_pancakeswap_3,7.7
0x2e78bf2b280aa5fa41cfa673125bc2103d906c8b,bnb_pancakeswap_3,7.7
0x5fd12bbb709a59c9f3bf9c690bff75edc6c4dcfd,bnb_pancakeswap_3,7.7
0xd0e226f674bbf064f54ab47f42473ff80db98cba,bnb_pancakeswap_3,7.7
0x8411ceab230515c3e54fab40b295ca399afc5199,bnb_pancakeswap_3,7.7
0x7f51bbf34156ba802deb0e38b7671dc4fa32041d,bnb_pancakeswap_3,7.7
0xd0e226f674bbf064f54ab47f42473ff80db98cba,bnb_pancakeswap_3,7.7
0x56ca2f2e1cca2e57b3a4fc522ae8f69fb003ed87,bnb_pancakeswap_3,7.7
0xc6962004f452be9203591991d15f6b388e09e8d0,arbitrum_uniswap_3,4.9
0x6f38e884725a116c9c7fbf208e79fe8828a2595f,arbitrum_uniswap_3,4.9
0xc6962004f452be9203591991d15f6b388e09e8d0,arbitrum_uniswap_3,4.9
0x6f38e884725a116c9c7fbf208e79fe8828a2595f,arbitrum_uniswap_3,4.9
0x6f38e884725a116c9c7fbf208e79fe8828a2595f,arbitrum_uniswap_3,4.9
0x6f38e884725a116c9c7fbf208e79fe8828a2595f,arbitrum_uniswap_3,4.9
0x5969efdde3cf5c0d9a88ae51e47d721096a97203,arbitrum_uniswap_3,4.9
0x42161084d0672e1d3f26a9b53e653be2084ff19c,arbitrum_uniswap_3,4.9
0x6f38e884725a116c9c7fbf208e79fe8828a2595f,arbitrum_uniswap_3,4.9
0x641c00a822e8b671738d32a431a4fb6074e5c79d,arbitrum_uniswap_3,4.9
0x4f122edcd91af8cda38c3a87158afa8687bab57c,arbitrum_uniswap_3,4.9
0x641c00a822e8b671738d32a431a4fb6074e5c79d,arbitrum_uniswap_3,4.9
0x6f38e884725a116c9c7fbf208e79fe8828a2595f,arbitrum_uniswap_3,4.9
0x6f38e884725a116c9c7fbf208e79fe8828a2595f,arbitrum_uniswap_3,4.9
0x6f38e884725a116c9c7fbf208e79fe8828a2595f,arbitrum_uniswap_3,4.9
0x6f38e884725a116c9c7fbf208e79fe8828a2595f,arbitrum_uniswap_3,4.9
0x6f38e884725a116c9c7fbf208e79fe8828a2595f,arbitrum_uniswap_3,4.9
0x6f38e884725a116c9c7fbf208e79fe8828a2595f,arbitrum_uniswap_3,4.9
0xc6962004f452be9203591991d15f6b388e09e8d0,arbitrum_uniswap_3,4.9
0x3db70832f48f8c01ee041671f7bb1cfaa2677584,arbitrum_uniswap_3,4.9
0xc6962004f452be9203591991d15f6b388e09e8d0,arbitrum_uniswap_3,4.9
0x263f7b865de80355f91c00dfb975a821effbea24,arbitrum_uniswap_3,4.9
0x48b0ab72c2591849e678e7d6f272b75ef9b863f7,arbitrum_uniswap_3,4.9
0xc6962004f452be9203591991d15f6b388e09e8d0,arbitrum_uniswap_3,4.9
0xeb35698c801ff1fb2ca5f79e496d95a38d3bdc35,arbitrum_uniswap_3,4.9
0x0e4831319a50228b9e450861297ab92dee15b44f,arbitrum_uniswap_3,4.9
0x7548bd60cb8f627a9b8ed94f8ca174348dbe6a05,arbitrum_uniswap_3,4.9
0xc6962004f452be9203591991d15f6b388e09e8d0,arbitrum_uniswap_3,4.9
0x6f38e884725a116c9c7fbf208e79fe8828a2595f,arbitrum_uniswap_3,4.9
0x5969efdde3cf5c0d9a88ae51e47d721096a97203,arbitrum_uniswap_3,4.9
0xcda53b1f66614552f834ceef361a8d12a0b8dad8,arbitrum_uniswap_3,4.9
0xb08a8794a5d3ccca3725d92964696858d3201909,arbitrum_uniswap_3,4.9
0xc6962004f452be9203591991d15f6b388e09e8d0,arbitrum_uniswap_3,4.9
0xe5cf22ee4988d54141b77050967e1052bd9c7f7a,arbitrum_uniswap_3,4.9
0x2f5e87c9312fa29aed5c179e456625d79015299c,arbitrum_uniswap_3,4.9
0xc6962004f452be9203591991d15f6b388e09e8d0,arbitrum_uniswap_3,4.9
0x0e4831319a50228b9e450861297ab92dee15b44f,arbitrum_uniswap_3,4.9
0x641c00a822e8b671738d32a431a4fb6074e5c79d,arbitrum_uniswap_3,4.9
0xc6f780497a95e246eb9449f5e4770916dcd6396a,arbitrum_uniswap_3,4.9
0x446bf9748b4ea044dd759d9b9311c70491df8f29,arbitrum_uniswap_3,4.9
0x6f38e884725a116c9c7fbf208e79fe8828a2595f,arbitrum_uniswap_3,4.9
0xc6f780497a95e246eb9449f5e4770916dcd6396a,arbitrum_uniswap_3,4.9
0x641c00a822e8b671738d32a431a4fb6074e5c79d,arbitrum_uniswap_3,4.9
0xc6962004f452be9203591991d15f6b388e09e8d0,arbitrum_uniswap_3,4.9
0x4f9dc2229f2357b27c22db56cb39582c854ad6d5,base_aerodrome_1,4.0
0x7f670f78b17dec44d5ef68a48740b6f8849cc2e6,base_aerodrome_1,4.0
0x7f670f78b17dec44d5ef68a48740b6f8849cc2e6,base_aerodrome_1,4.0
0x7f670f78b17dec44d5ef68a48740b6f8849cc2e6,base_aerodrome_1,4.0
0x44d7dd237001aef7fc7d8cb13ab4452f65ce5e40,base_aerodrome_1,4.0
0x7f670f78b17dec44d5ef68a48740b6f8849cc2e6,base_aerodrome_1,4.0
0x5ce2cde0092bd1deb681e0508b9e8061e947ca32,base_aerodrome_1,4.0
0x7f670f78b17dec44d5ef68a48740b6f8849cc2e6,base_aerodrome_1,4.0
0x6cdcb1c4a4d1c3c6d054b27ac5b77e89eafb971d,base_aerodrome_1,4.0
0xc01162ed99a018d02b8a12f4712b0b9b87a9852f,base_aerodrome_1,4.0
0xb4885bc63399bf5518b994c1d0c153334ee579d0,base_aerodrome_1,4.0
0x4f9dc2229f2357b27c22db56cb39582c854ad6d5,base_aerodrome_1,4.0
0xcaedc2561356b6a01a94e3c0438011459e91fbb9,base_aerodrome_1,4.0
0xde4fb30ccc2f1210fce2c8ad66410c586c8d1f9a,base_aerodrome_1,4.0
0x7810f8f3253ced11e8c56c6c8497f3134055d44c,base_aerodrome_1,4.0
0x6cdcb1c4a4d1c3c6d054b27ac5b77e89eafb971d,base_aerodrome_1,4.0
0x6cdcb1c4a4d1c3c6d054b27ac5b77e89eafb971d,base_aerodrome_1,4.0
0x74f22a01da78294f8df640c98a414fe209e33f60,base_aerodrome_1,4.0
0x2578365b3dfa7ffe60108e181efb79feddec2319,base_aerodrome_1,4.0
0x6cdcb1c4a4d1c3c6d054b27ac5b77e89eafb971d,base_aerodrome_1,4.0
0x2578365b3dfa7ffe60108e181efb79feddec2319,base_aerodrome_1,4.0
0x2d25e0514f23c6367687de89bd5167dc754d4934,base_aerodrome_1,4.0
0xd9edc75a3a797ec92ca370f19051babebfb2edee,base_aerodrome_1,4.0
0x3d36cf85a0c275cf4894315a6c1d6c558d6d984c,base_aerodrome_1,4.0
0x7f670f78b17dec44d5ef68a48740b6f8849cc2e6,base_aerodrome_1,4.0
0x33a20ce534ae0f2fc00bc28e7133836b34415e7b,base_aerodrome_1,4.0
0x21594b992f68495dd28d605834b58889d0a727c7,base_aerodrome_1,4.0
0x2578365b3dfa7ffe60108e181efb79feddec2319,base_aerodrome_1,4.0
0x2223f9fe624f69da4d8256a7bcc9104fba7f8f75,base_aerodrome_1,4.0
0x6cdcb1c4a4d1c3c6d054b27ac5b77e89eafb971d,base_aerodrome_1,4.0
0xbd1f3d188de7ee07b1b323c0d26d6720cafb8780,base_aerodrome_1,4.0
0x2578365b3dfa7ffe60108e181efb79feddec2319,base_aerodrome_1,4.0
0x4f9dc2229f2357b27c22db56cb39582c854ad6d5,base_aerodrome_1,4.0
0x3d36cf85a0c275cf4894315a6c1d6c558d6d984c,base_aerodrome_1,4.0
0x1dda8b6469df243971381f1f3f4137814ca68722,base_aerodrome_1,4.0
0x3d36cf85a0c275cf4894315a6c1d6c558d6d984c,base_aerodrome_1,4.0
0x4f9dc2229f2357b27c22db56cb39582c854ad6d5,base_aerodrome_1,4.0
0x2578365b3dfa7ffe60108e181efb79feddec2319,base_aerodrome_1,4.0
0x3d36cf85a0c275cf4894315a6c1d6c558d6d984c,base_aerodrome_1,4.0
0xa4d8c89f0c20efbe54cba9e7e7a7e509056228d9,polygon_uniswap_3,3.8
0x368a930b71326e3f640df36378d931dbe3d03746,polygon_uniswap_3,3.8
0xda908c0bf14ad0b61ea5ebe671ac59b2ce091cbf,polygon_uniswap_3,3.8
0x00a59c2d0f0f4837028d47a391decbffc1e10608,polygon_uniswap_3,3.8
0x45dda9cb7c25131df268515131f647d726f50608,polygon_uniswap_3,3.8
0x9bcef8ddd75817e66e01a5af313c776c74319394,polygon_uniswap_3,3.8
0x4d05f2a005e6f36633778416764e82d1d12e7fbb,polygon_uniswap_3,3.8
0x7b41801b47f8279c3a9fae6aa61e8ae141d90608,polygon_uniswap_3,3.8
0x3dc10d7bfb94eeb009203e84a653e5764f71771d,polygon_uniswap_3,3.8
0xbe33101d542bf6a558625c399d6d8e969dc93101,polygon_uniswap_3,3.8
0x06cf2b69a8aa2f9f27c5a0a231a8e06090f69ca5,polygon_uniswap_3,3.8
0x258a4b7373f6863db5a17de191e0cebb1e0bbc8a,polygon_uniswap_3,3.8
0x50eaedb835021e4a108b7290636d62e9765cc6d7,polygon_uniswap_3,3.8
0xd36ec33c8bed5a9f7b6630855f1533455b98a418,polygon_uniswap_3,3.8
0x16e7ca3eaaf7703b9724301e6fd3d4e2918fec59,polygon_uniswap_3,3.8
0x504e73e75e5e88500f632ffe130fc91fce1559da,polygon_uniswap_3,3.8
0x33016df701b323c33cc027146c6a9e0997b2a923,polygon_uniswap_3,3.8
0xa4d8c89f0c20efbe54cba9e7e7a7e509056228d9,polygon_uniswap_3,3.8
0xa4d8c89f0c20efbe54cba9e7e7a7e509056228d9,polygon_uniswap_3,3.8
0x2db87c4831b2fec2e35591221455834193b50d1b,polygon_uniswap_3,3.8
0xd36ec33c8bed5a9f7b6630855f1533455b98a418,polygon_uniswap_3,3.8
0xd36ec33c8bed5a9f7b6630855f1533455b98a418,polygon_uniswap_3,3.8
0x9b08288c3be4f62bbf8d1c20ac9c5e6f9467d8b7,polygon_uniswap_3,3.8
0x9b08288c3be4f62bbf8d1c20ac9c5e6f9467d8b7,polygon_uniswap_3,3.8
0x25fb97799f80433e422f47e75173314e54dae174,polygon_uniswap_3,3.8
0x32fae204835e08b9374493d6b4628fd1f87dd045,polygon_uniswap_3,3.8
0x00a59c2d0f0f4837028d47a391decbffc1e10608,polygon_uniswap_3,3.8
0x7b41801b47f8279c3a9fae6aa61e8ae141d90608,polygon_uniswap_3,3.8
0x00a59c2d0f0f4837028d47a391decbffc1e10608,polygon_uniswap_3,3.8
0x86f1d8390222a3691c28938ec7404a1661e618e0,polygon_uniswap_3,3.8
0x50eaedb835021e4a108b7290636d62e9765cc6d7,polygon_uniswap_3,3.8
0xd36ec33c8bed5a9f7b6630855f1533455b98a418,polygon_uniswap_3,3.8
0xda792841adf22db0042189b8cfb032a3521f5f00,polygon_uniswap_3,3.8
0xa4d8c89f0c20efbe54cba9e7e7a7e509056228d9,polygon_uniswap_3,3.8
0x7f9121b4f4e040fd066e9dc5c250cf9b4338d5bc,polygon_uniswap_3,3.8
0x71c5ce9df27ea2cef83bef4f4c241eaf6ccfc621,polygon_uniswap_3,3.8
0x72ab388e2e2f6facef59e3c3fa2c4e29011c2d38,base_pancakeswap_3,3.5
0xb94b22332abf5f89877a14cc88f2abc48c34b3df,base_pancakeswap_3,3.5
0x099a427e3afd8c25458e565cc476613d0316586a,base_pancakeswap_3,3.5
0x72ab388e2e2f6facef59e3c3fa2c4e29011c2d38,base_pancakeswap_3,3.5
0xc211e1f853a898bd1302385ccde55f33a8c4b3f3,base_pancakeswap_3,3.5
0x72ab388e2e2f6facef59e3c3fa2c4e29011c2d38,base_pancakeswap_3,3.5
0xf6c0a374a483101e04ef5f7ac9bd15d9142bac95,base_pancakeswap_3,3.5
0xf6c0a374a483101e04ef5f7ac9bd15d9142bac95,base_pancakeswap_3,3.5
0xf6c0a374a483101e04ef5f7ac9bd15d9142bac95,base_pancakeswap_3,3.5
0xb932d54085d2ee4659d0fa7f9f3abfeac6c749f9,base_pancakeswap_3,3.5
0x29a857629e58c531f351bb7fbd86aa46ef6af0b7,base_pancakeswap_3,3.5
0x72ab388e2e2f6facef59e3c3fa2c4e29011c2d38,base_pancakeswap_3,3.5
0x4ddb19cb349195f373cb35c18b4b7400fdd134d6,base_pancakeswap_3,3.5
0x1e693a2ab02655ac42ae19ff6c8a25dd27ae0e10,base_pancakeswap_3,3.5
0x72ab388e2e2f6facef59e3c3fa2c4e29011c2d38,base_pancakeswap_3,3.5
0x54d281c7cc029a9dd71f9acb7487dd95b1eecf5a,base_pancakeswap_3,3.5
0x29a857629e58c531f351bb7fbd86aa46ef6af0b7,base_pancakeswap_3,3.5
0xf4dfb8647c3ef75c5a71b7b0ee9240bdccce8697,base_pancakeswap_3,3.5
0xc17b9f1581d61b13327d046d75bf8251fab7747b,base_pancakeswap_3,3.5
0x2058808c3eb85be185a457487bdce4bc1cc23cb2,base_pancakeswap_3,3.5
0xc17b9f1581d61b13327d046d75bf8251fab7747b,base_pancakeswap_3,3.5
0x20cb8f872ae894f7c9e32e621c186e5afce82fd0,base_pancakeswap_3,3.5
0xc211e1f853a898bd1302385ccde55f33a8c4b3f3,base_pancakeswap_3,3.5
0x75cc10fdcea4b7d13c115abb08240ac9c9be6f2f,base_pancakeswap_3,3.5
0xb775272e537cc670c65dc852908ad47015244eaf,base_pancakeswap_3,3.5
0x20cb8f872ae894f7c9e32e621c186e5afce82fd0,base_pancakeswap_3,3.5
0x72ab388e2e2f6facef59e3c3fa2c4e29011c2d38,base_pancakeswap_3,3.5
0xf6c0a374a483101e04ef5f7ac9bd15d9142bac95,base_pancakeswap_3,3.5
0xc68efca6375b31cdc9b85de345e0f2e968d8a5fb,base_pancakeswap_3,3.5
0x72ab388e2e2f6facef59e3c3fa2c4e29011c2d38,base_pancakeswap_3,3.5
0x72ab388e2e2f6facef59e3c3fa2c4e29011c2d38,base_pancakeswap_3,3.5
0xc211e1f853a898bd1302385ccde55f33a8c4b3f3,base_pancakeswap_3,3.5
0x9bfa331679b307cf358438f45f6413a205fd3ebf,base_pancakeswap_3,3.5
0x72ab388e2e2f6facef59e3c3fa2c4e29011c2d38,base_pancakeswap_3,3.5
0xd5bdd66a87462a608edd28bdec91b88e16409f62,base_pancakeswap_3,3.5
0xf6c0a374a483101e04ef5f7ac9bd15d9142bac95,base_pancakeswap_3,3.5
0x72ab388e2e2f6facef59e3c3fa2c4e29011c2d38,base_pancakeswap_3,3.5
0x72ab388e2e2f6facef59e3c3fa2c4e29011c2d38,base_pancakeswap_3,3.5
0x6d5f64fb9c634b3ce3ffd67035d9b70654fe1442,base_pancakeswap_3,3.5
0xc211e1f853a898bd1302385ccde55f33a8c4b3f3,base_pancakeswap_3,3.5
0x29a857629e58c531f351bb7fbd86aa46ef6af0b7,base_pancakeswap_3,3.5
0x7fcdc35463e3770c2fb992716cd070b63540b947,arbitrum_pancakeswap_3,3.0
0xf0346b437fe43e64fa799c2bd3cf5db1f7e9327c,arbitrum_pancakeswap_3,3.0
0x5111b229aeb52022bcabf6f14e33cb274f29d536,arbitrum_pancakeswap_3,3.0
0x7fcdc35463e3770c2fb992716cd070b63540b947,arbitrum_pancakeswap_3,3.0
0x0bacc7a9717e70ea0da5ac075889bd87d4c81197,arbitrum_pancakeswap_3,3.0
0x389938cf14be379217570d8e4619e51fbdafaa21,arbitrum_pancakeswap_3,3.0
0x4418572cffd1312f2f09dcec47ea39c950f14f4a,arbitrum_pancakeswap_3,3.0
0x389938cf14be379217570d8e4619e51fbdafaa21,arbitrum_pancakeswap_3,3.0
0x7fcdc35463e3770c2fb992716cd070b63540b947,arbitrum_pancakeswap_3,3.0
0x7fcdc35463e3770c2fb992716cd070b63540b947,arbitrum_pancakeswap_3,3.0
0x389938cf14be379217570d8e4619e51fbdafaa21,arbitrum_pancakeswap_3,3.0
0x7fcdc35463e3770c2fb992716cd070b63540b947,arbitrum_pancakeswap_3,3.0
0x7fcdc35463e3770c2fb992716cd070b63540b947,arbitrum_pancakeswap_3,3.0
0xc01a173e88c7b896245a905ddc10375a5c887e9c,arbitrum_pancakeswap_3,3.0
0x7fcdc35463e3770c2fb992716cd070b63540b947,arbitrum_pancakeswap_3,3.0
0x389938cf14be379217570d8e4619e51fbdafaa21,arbitrum_pancakeswap_3,3.0
0x7fcdc35463e3770c2fb992716cd070b63540b947,arbitrum_pancakeswap_3,3.0
0xeaf03f385c642b02b5c563640bba7c4fbf96c27d,arbitrum_pancakeswap_3,3.0
0x389938cf14be379217570d8e4619e51fbdafaa21,arbitrum_pancakeswap_3,3.0
0x7fcdc35463e3770c2fb992716cd070b63540b947,arbitrum_pancakeswap_3,3.0
0x61da8bc4204299757b0318e48ce02e95409de80c,polygon_quickswap_2,2.6
0x882df4b0fb50a229c3b4124eb18c759911485bfb,polygon_quickswap_2,2.6
0x8239adfba56359bc48fcc80f36cee788b7f1eeb4,polygon_quickswap_2,2.6
0x882df4b0fb50a229c3b4124eb18c759911485bfb,polygon_quickswap_2,2.6
0xa1bdc426c981460f2029e9286938dc411e17e753,polygon_quickswap_2,2.6
0x6d9e8dbb2779853db00418d4dcf96f3987cfc9d2,polygon_quickswap_2,2.6
0x882df4b0fb50a229c3b4124eb18c759911485bfb,polygon_quickswap_2,2.6
0x882df4b0fb50a229c3b4124eb18c759911485bfb,polygon_quickswap_2,2.6
0xadbf1854e5883eb8aa7baf50705338739e558e5b,polygon_quickswap_2,2.6
0x882df4b0fb50a229c3b4124eb18c759911485bfb,polygon_quickswap_2,2.6
0x882df4b0fb50a229c3b4124eb18c759911485bfb,polygon_quickswap_2,2.6
0x882df4b0fb50a229c3b4124eb18c759911485bfb,polygon_quickswap_2,2.6
0x882df4b0fb50a229c3b4124eb18c759911485bfb,polygon_quickswap_2,2.6
0x882df4b0fb50a229c3b4124eb18c759911485bfb,polygon_quickswap_2,2.6
0x882df4b0fb50a229c3b4124eb18c759911485bfb,polygon_quickswap_2,2.6
0x882df4b0fb50a229c3b4124eb18c759911485bfb,polygon_quickswap_2,2.6
0x604229c960e5cacf2aaeac8be68ac07ba9df81c3,polygon_quickswap_2,2.6
0x882df4b0fb50a229c3b4124eb18c759911485bfb,polygon_quickswap_2,2.6
0x882df4b0fb50a229c3b4124eb18c759911485bfb,polygon_quickswap_2,2.6
0x882df4b0fb50a229c3b4124eb18c759911485bfb,polygon_quickswap_2,2.6
0x882df4b0fb50a229c3b4124eb18c759911485bfb,polygon_quickswap_2,2.6
0x882df4b0fb50a229c3b4124eb18c759911485bfb,polygon_quickswap_2,2.6
0x882df4b0fb50a229c3b4124eb18c759911485bfb,polygon_quickswap_2,2.6
0x882df4b0fb50a229c3b4124eb18c759911485bfb,polygon_quickswap_2,2.6
0x882df4b0fb50a229c3b4124eb18c759911485bfb,polygon_quickswap_2,2.6
0x882df4b0fb50a229c3b4124eb18c759911485bfb,polygon_quickswap_2,2.6
0x882df4b0fb50a229c3b4124eb18c759911485bfb,polygon_quickswap_2,2.6
0xc200f21efe67c7f41b81a854c26f9cda80593065,base_aerodrome_slipstream,2.5
0x5d4e504eb4c526995e0cc7a6e327fda75d8b52b5,base_aerodrome_slipstream,2.5
0xb5f0b4ae66c14f7efaa9aa1468e8fc536a3e288c,base_aerodrome_slipstream,2.5
0x4d9199269d4f89a367965e90d07d6f4af7750ed0,base_aerodrome_slipstream,2.5
0x9785ef59e2b499fb741674ecf6faf912df7b3c1b,base_aerodrome_slipstream,2.5
0x4289a0666397f517c2a761652aaebaf6a4f7a693,base_aerodrome_slipstream,2.5
0x22a52bb644f855ebd5ca2edb643ff70222d70c31,base_aerodrome_slipstream,2.5
0x4d69971ccd4a636c403a3c1b00c85e99bb9b5606,base_aerodrome_slipstream,2.5
0xb2cc224c1c9fee385f8ad6a55b4d94e92359dc59,base_aerodrome_slipstream,2.5
0xbe700f5c75dfcbef3cae37873aeeb1724daed3f6,base_aerodrome_slipstream,2.5
0x861a2922be165a5bd41b1e482b49216b465e1b5f,base_aerodrome_slipstream,2.5
0xff0df9b15c29542fa5d7efe169452507b4d648c2,base_aerodrome_slipstream,2.5
0x43b97febdadad12afde21baa96eb762bc26d13f3,base_aerodrome_slipstream,2.5
0x4d69971ccd4a636c403a3c1b00c85e99bb9b5606,base_aerodrome_slipstream,2.5
0x3ba9ce0f19cf3ccb631b973c83712c7e6e9585ae,base_aerodrome_slipstream,2.5
0xa88c07bd10813cf9b4111deab984c4026f2c83bf,base_aerodrome_slipstream,2.5
0xb2cc224c1c9fee385f8ad6a55b4d94e92359dc59,base_aerodrome_slipstream,2.5
0xb099c658e784b41ee435d48a8eb67e8f27285c93,base_aerodrome_slipstream,2.5
0x3f0296bf652e19bca772ec3df08b32732f93014a,base_aerodrome_slipstream,2.5
0xb2cc224c1c9fee385f8ad6a55b4d94e92359dc59,base_aerodrome_slipstream,2.5
0xc200f21efe67c7f41b81a854c26f9cda80593065,base_aerodrome_slipstream,2.5
0xbe00ff35af70e8415d0eb605a286d8a45466a4c1,base_aerodrome_slipstream,2.5
0xa441378a1cb4df371535296e539a1e0def6924e4,base_aerodrome_slipstream,2.5
0x3f0296bf652e19bca772ec3df08b32732f93014a,base_aerodrome_slipstream,2.5
0x3f0296bf652e19bca772ec3df08b32732f93014a,base_aerodrome_slipstream,2.5
0x70acdf2ad0bf2402c957154f944c19ef4e1cbae1,base_aerodrome_slipstream,2.5
0x385b47e56b73eb6549378f78f7c7cbc42c56c9e0,base_aerodrome_slipstream,2.5
0x70acdf2ad0bf2402c957154f944c19ef4e1cbae1,base_aerodrome_slipstream,2.5
0xa51c7a5a121ad3d73e2e9888bb016e07bdd5ba94,base_aerodrome_slipstream,2.5
0xb2cc224c1c9fee385f8ad6a55b4d94e92359dc59,base_aerodrome_slipstream,2.5
0x3f0296bf652e19bca772ec3df08b32732f93014a,base_aerodrome_slipstream,2.5
0xb2cc224c1c9fee385f8ad6a55b4d94e92359dc59,base_aerodrome_slipstream,2.5
0xb07d7eece8866e549601af5c7622d8cdbedc914e,base_aerodrome_slipstream,2.5
0x4e829f8a5213c42535ab84aa40bd4adcce9cba02,base_aerodrome_slipstream,2.5
0xfd4f716cb3c493afddd40c67d3f42426aeb2d902,base_aerodrome_slipstream,2.5
0x70acdf2ad0bf2402c957154f944c19ef4e1cbae1,base_aerodrome_slipstream,2.5
0xd845f7d4f4deb9ff5bcf09d140ef13718f6f6c71,arbitrum_camelot_3,2.1
0xe0554a476a092703abdb3ef35c80e0d76d32939f,ethereum_uniswap_3,2.1
0xb1026b8e7276e7ac75410f1fcbbe21796e8f7526,arbitrum_camelot_3,2.1
0xfad57d2039c21811c8f2b5d5b65308aa99d31559,ethereum_uniswap_3,2.1
0xb1026b8e7276e7ac75410f1fcbbe21796e8f7526,arbitrum_camelot_3,2.1
0xefd69f1ff464ed673dab856c5b9bca4d2847a74f,ethereum_uniswap_3,2.1
0xb1026b8e7276e7ac75410f1fcbbe21796e8f7526,arbitrum_camelot_3,2.1
0xc7bbec68d12a0d1830360f8ec58fa599ba1b0e9b,ethereum_uniswap_3,2.1
0xb1026b8e7276e7ac75410f1fcbbe21796e8f7526,arbitrum_camelot_3,2.1
0x9f178e86e42ddf2379cb3d2acf9ed67a1ed2550a,ethereum_uniswap_3,2.1
0xb1026b8e7276e7ac75410f1fcbbe21796e8f7526,arbitrum_camelot_3,2.1
0x7c706586679af2ba6d1a9fc2da9c6af59883fdd3,ethereum_uniswap_3,2.1
0xb1026b8e7276e7ac75410f1fcbbe21796e8f7526,arbitrum_camelot_3,2.1
0x11b815efb8f581194ae79006d24e0d814b7697f6,ethereum_uniswap_3,2.1
0xb1026b8e7276e7ac75410f1fcbbe21796e8f7526,arbitrum_camelot_3,2.1
0xc3db44adc1fcdfd5671f555236eae49f4a8eea18,ethereum_uniswap_3,2.1
0x7cccba38e2d959fe135e79aebb57ccb27b128358,arbitrum_camelot_3,2.1
0x7b3ed3a3444144ff526554d5f4aa463d1759f51a,ethereum_uniswap_3,2.1
0xb1026b8e7276e7ac75410f1fcbbe21796e8f7526,arbitrum_camelot_3,2.1
0xa6cc3c2531fdaa6ae1a3ca84c2855806728693e8,ethereum_uniswap_3,2.1
0x7cccba38e2d959fe135e79aebb57ccb27b128358,arbitrum_camelot_3,2.1
0xc7ec87aeb9d1129c42123859220c525aba1ca617,ethereum_uniswap_3,2.1
0xc86eb7b85807020b4548ee05b54bfc956eebbfcd,arbitrum_camelot_3,2.1
0x7685cd3ddd862b8745b1082a6acb19e14eaa74f3,ethereum_uniswap_3,2.1
0xb1026b8e7276e7ac75410f1fcbbe21796e8f7526,arbitrum_camelot_3,2.1
0x11b815efb8f581194ae79006d24e0d814b7697f6,ethereum_uniswap_3,2.1
0xb1026b8e7276e7ac75410f1fcbbe21796e8f7526,arbitrum_camelot_3,2.1
0xc7bbec68d12a0d1830360f8ec58fa599ba1b0e9b,ethereum_uniswap_3,2.1
0xb1026b8e7276e7ac75410f1fcbbe21796e8f7526,arbitrum_camelot_3,2.1
0x4e68ccd3e89f51c3074ca5072bbac773960dfa36,ethereum_uniswap_3,2.1
0xb1026b8e7276e7ac75410f1fcbbe21796e8f7526,arbitrum_camelot_3,2.1
0x5ab53ee1d50eef2c1dd3d5402789cd27bb52c1bb,ethereum_uniswap_3,2.1
0xfae2ae0a9f87fd35b5b0e24b47bac796a7eefea1,arbitrum_camelot_3,2.1
0x7c706586679af2ba6d1a9fc2da9c6af59883fdd3,ethereum_uniswap_3,2.1
0xb1026b8e7276e7ac75410f1fcbbe21796e8f7526,arbitrum_camelot_3,2.1
0x02371da6173cf95623da4189e68912233cc7107c,worldchain_uniswap_3,1.9
0x610e319b3a3ab56a0ed5562927d37c233774ba39,worldchain_uniswap_3,1.9
0xaaef72194e42af8f641e90c3e48a7f01e9547097,worldchain_uniswap_3,1.9
0x8b9ffc6909cb826d8dc5a2f7f720fa7a818b8574,worldchain_uniswap_3,1.9
0x02371da6173cf95623da4189e68912233cc7107c,worldchain_uniswap_3,1.9
0x610e319b3a3ab56a0ed5562927d37c233774ba39,worldchain_uniswap_3,1.9
0x2765f0eee393fdd9f1164487f2c037b570561034,worldchain_uniswap_3,1.9
0x610e319b3a3ab56a0ed5562927d37c233774ba39,worldchain_uniswap_3,1.9
0x760d6c8af8b4d343e352327b33ea1c79ef7d1039,worldchain_uniswap_3,1.9
0x8b9ffc6909cb826d8dc5a2f7f720fa7a818b8574,worldchain_uniswap_3,1.9
0x2b62f560fa5fdda87e37979c42ae900752ae5acd,worldchain_uniswap_3,1.9
0x51f6ab13414612a8a017d7f13342a08819d1d713,worldchain_uniswap_3,1.9
0x3226d525bb0ea2346d512215ca8df7d81801786e,worldchain_uniswap_3,1.9
0x494d68e3cab640fa50f4c1b3e2499698d1a173a0,worldchain_uniswap_3,1.9
0x0d1cfdb753f03500f5ae1f565dc3823367630061,ethereum_uniswap_2,1.4
0xcf4236db746dbc1855a4d095aaf58da9b030491e,ethereum_uniswap_2,1.4
0xdbf30520e95564b0e6a7325aa3824b9c6469770d,ethereum_uniswap_2,1.4
0x4f6f53dd27964156d7b1b8c56228989789fb1e24,ethereum_uniswap_2,1.4
0x50b72ce443964044e383cd68de794d55a7cfae8a,ethereum_uniswap_2,1.4
0x76a2666d268a6ec507e4928aa619a98fda942284,ethereum_uniswap_2,1.4
0x6ec94f50cadcc79984463688de42a0ca696ec2db,ethereum_uniswap_2,1.4
0x3a0ef60e803aae8e94f741e7f61c7cbe9501e569,ethereum_uniswap_2,1.4
0xb4aa0fc678a85f7a877c6d5afac87cf75458ab9e,ethereum_uniswap_2,1.4
0x126262c0a43e4130f5619513e7ef6231dca3e5b1,ethereum_uniswap_2,1.4
0x0b07188b12e3bba6a680e553e23c4079e98a034b,ethereum_uniswap_2,1.4
0x904fde9bb36fc1b670e2409a9ef1f3e143167706,ethereum_uniswap_2,1.4
0xb36ec83d844c0579ec2493f10b2087e96bb65460,ethereum_uniswap_2,1.4
0xfcad5c316f5618a79852f89e1a9b18103e48a456,ethereum_uniswap_2,1.4
0xddd23787a6b80a794d952f5fb036d0b31a8e6aff,ethereum_uniswap_2,1.4
0x70024bd98ac4e22b85a1e8ea9f18f2d3241b3866,ethereum_uniswap_2,1.4
0xa6c741795d3469dc6787c436b816b853eaf65535,ethereum_uniswap_2,1.4
0xb011eeaab8bf0c6de75510128da95498e4b7e67f,ethereum_uniswap_2,1.4
0x0c722a487876989af8a05fffb6e32e45cc23fb3a,ethereum_uniswap_2,1.4
0x17a5588afe9b40aa5468260d3dbe226a98f496db,ethereum_uniswap_2,1.4
0x86016bb1c16d7a1ed343c3ee562cf45a9a6843df,ethereum_uniswap_2,1.4
0x09873982620101982db03519c8db132ccfb8d187,ethereum_uniswap_2,1.4
0xca2d5aa47839c6dd84955a6fd080a60991e15871,ethereum_uniswap_2,1.4
0x6577ecf1a0d82659d5d892b76d2a8e902fb1f31b,ethereum_uniswap_2,1.4
0xae2d9288be0587c2097ec46db7686ac2481f896e,optimism_uniswap_3,1.3
0x1fb3cf6e48f1e7b10213e7b6d87d4c073c7fdb7b,optimism_uniswap_3,1.3
0x8d65c65bef330f63787b73951bf5b80c6a63f437,optimism_uniswap_3,1.3
0x85149247691df622eaf1a8bd0cafd40bc45154a9,optimism_uniswap_3,1.3
0xc858a329bf053be78d6239c4a4343b8fbd21472b,optimism_uniswap_3,1.3
0x966a8bce7dc11f4ec5a8885a7d31f0f170e3e00d,optimism_uniswap_3,1.3
0x95d9d28606ee55de7667f0f176ebfc3215cfd9c0,optimism_uniswap_3,1.3
0x85149247691df622eaf1a8bd0cafd40bc45154a9,optimism_uniswap_3,1.3
0x146b020399769339509c98b7b353d19130c150ec,optimism_uniswap_3,1.3
0x1fb3cf6e48f1e7b10213e7b6d87d4c073c7fdb7b,optimism_uniswap_3,1.3
0xfc1f3296458f9b2a27a0b91dd7681c4020e09d05,optimism_uniswap_3,1.3
0x1c3140ab59d6caf9fa7459c6f83d4b52ba881d36,optimism_uniswap_3,1.3
0x227f432a82fa6a04826ed6fe9f95f4e0acf091aa,optimism_uniswap_3,1.3
0x6948263b49caec3b1e7989a9c86de1d0484234dc,optimism_uniswap_3,1.3
0xd28f71e383e93c570d3edfe82ebbceb35ec6c412,optimism_uniswap_3,1.3
0x85149247691df622eaf1a8bd0cafd40bc45154a9,optimism_uniswap_3,1.3
0xb589969d38ce76d3d7aa319de7133bc9755fd840,optimism_uniswap_3,1.3
0xff7fbdf7832ae524deda39ca402e03d92adff7a5,optimism_uniswap_3,1.3
0xf961a8f6d8c69e7321e78d254ecafbcc3a637621,berachain_beraswap_1,1.2
0x707ba27189e8bf89e43b2198e6b88aac4720124f,optimism_velodrome_2,1.2
0xf130f72f8190f662522774c3367e6e8814f5e219,celo_uniswap_3,1.2
0x1207c619086a52edef4a4b7af881b5ddd367a919,berachain_beraswap_1,1.2
0x62191c893df8d26ac295ba1274a00975dc07190c,optimism_velodrome_2,1.2
0xddff2cdad11898b901a661e32e9fa010780263a0,celo_uniswap_3,1.2
0xdd70a5ef7d8cfe5c5134b5f9874b09fb5ce812b4,berachain_beraswap_1,1.2
0x2e931de1fcb2681dc98601e0b513308da9c5ceae,optimism_velodrome_2,1.2
0x6cde5f5a192fbf3fd84df983aa6dc30dbd9f8fac,celo_uniswap_3,1.2
0xde04c469ad658163e2a5e860a03a86b52f6fa8c8,berachain_beraswap_1,1.2
0xf2d42c46528116362aca448837a0236459b53c63,optimism_velodrome_2,1.2
0xf130f72f8190f662522774c3367e6e8814f5e219,celo_uniswap_3,1.2
0x38fdd999fe8783037db1bbfe465759e312f2d809,berachain_beraswap_1,1.2
0x0c3a7aa27a6e14b7a92e09456b0970ab71cc0598,optimism_velodrome_2,1.2
0xa1777e082fa1746eb78dd9c1fbb515419cf6e538,celo_uniswap_3,1.2
0x2c4a603a2aa5596287a06886862dc29d56dbc354,berachain_beraswap_1,1.2
0x3dd9556a521d6e57be480c94da102fedf0429aba,optimism_velodrome_2,1.2
0x2d70cbabf4d8e61d5317b62cbe912935fd94e0fe,celo_uniswap_3,1.2
0x2c4a603a2aa5596287a06886862dc29d56dbc354,berachain_beraswap_1,1.2
0xa605cfb964a8519531f9ffffa92fd9d36a7a1d4b,sonic_shadow_3,1.2
0xdd70a5ef7d8cfe5c5134b5f9874b09fb5ce812b4,berachain_beraswap_1,1.2
0x66a8289bdd968d1157eb1a608f60a87759632cd6,sonic_shadow_3,1.2
0x2c4a603a2aa5596287a06886862dc29d56dbc354,berachain_beraswap_1,1.2
0x2bcb79fd1e0c4251b6f94daee25d4c6ff330cdf8,sonic_shadow_3,1.2
0xf28c748091fdab86d5120ab359fcb471daa6467d,sonic_shadow_3,1.2
0x324963c267c354c7660ce8ca3f5f167e05649970,sonic_shadow_3,1.2
0x55b765d53425fc6aacc357799e2722036cdcfed9,berachain_kodiak_3,1.1
0xa125af1a4704044501fe12ca9567ef1550e430e8,mantle_fusionx_3,1.1
0xb16ffd445d3c785476f87017b79423ec9057406b,berachain_kodiak_3,1.1
0xa125af1a4704044501fe12ca9567ef1550e430e8,mantle_fusionx_3,1.1
0x55b765d53425fc6aacc357799e2722036cdcfed9,berachain_kodiak_3,1.1
0xa125af1a4704044501fe12ca9567ef1550e430e8,mantle_fusionx_3,1.1
0x12bf773f18cec56f14e7cb91d82984ef5a3148ee,berachain_kodiak_3,1.1
0xa125af1a4704044501fe12ca9567ef1550e430e8,mantle_fusionx_3,1.1
0x952e2d2fe68b3a5d029c9326e6a379e4c5a0ce0e,berachain_kodiak_3,1.1
0x39fb5654775d7738960e00fefc718746d99abff4,berachain_kodiak_3,1.1
0x952e2d2fe68b3a5d029c9326e6a379e4c5a0ce0e,berachain_kodiak_3,1.1
0x952e2d2fe68b3a5d029c9326e6a379e4c5a0ce0e,berachain_kodiak_3,1.1
0x952e2d2fe68b3a5d029c9326e6a379e4c5a0ce0e,berachain_kodiak_3,1.1
0x952e2d2fe68b3a5d029c9326e6a379e4c5a0ce0e,berachain_kodiak_3,1.1
0x952e2d2fe68b3a5d029c9326e6a379e4c5a0ce0e,berachain_kodiak_3,1.1
0x58af1cac4274de35b40a6cadb70a86f1f25372cc,berachain_kodiak_3,1.1
0x28f9acbc98ccba62a2ca69986dec10d2f154c033,berachain_kodiak_3,1.1
0xb16ffd445d3c785476f87017b79423ec9057406b,berachain_kodiak_3,1.1
0xb8c0ba2d17c4cc1f3d9a25eabd123ad24a009ebe,berachain_kodiak_3,1.1
0xd890ab8fa2fbd4c8adaeda4c7ea270d94efffb4a,berachain_kodiak_3,1.1
0x55b765d53425fc6aacc357799e2722036cdcfed9,berachain_kodiak_3,1.1
0xc690116cb51f721a055a81706dbcb8df21e77a8e,berachain_kodiak_3,1.1
0x952e2d2fe68b3a5d029c9326e6a379e4c5a0ce0e,berachain_kodiak_3,1.1
0x2a7856fff3069bd2d551f94ac035fde1f544b4ef,berachain_kodiak_3,1.1
0x75159c541bd49b1b6c51f5f3e796579e7cccb071,berachain_kodiak_3,1.1
0x55b765d53425fc6aacc357799e2722036cdcfed9,berachain_kodiak_3,1.1
0x952e2d2fe68b3a5d029c9326e6a379e4c5a0ce0e,berachain_kodiak_3,1.1
0x2a7856fff3069bd2d551f94ac035fde1f544b4ef,berachain_kodiak_3,1.1
0xd8ab2dad071a63e6886e7db757ce106b4d76698e,berachain_kodiak_3,1.1
0x12bf773f18cec56f14e7cb91d82984ef5a3148ee,berachain_kodiak_3,1.1
0xae81fac689a1b4b1e06e7ef4a2ab4cd8ac0a087d,polygon_quickswap_3,1.0
0x55caabb0d2b704fd0ef8192a7e35d8837e678207,polygon_quickswap_3,1.0
0xed7fe50447ba92b3369e27ebc360585124b1dfb6,polygon_quickswap_3,1.0
0xa6aedf7c4ed6e821e67a6bfd56fd1702ad9a9719,polygon_quickswap_3,1.0
0x5b41eedcfc8e0ae47493d4945aa1ae4fe05430ff,polygon_quickswap_3,1.0
0xeffa9e5e63ba18160ee26bda56b42f3368719615,polygon_quickswap_3,1.0
0x479e1b71a702a595e19b6d5932cd5c863ab57ee0,polygon_quickswap_3,1.0
0xa6aedf7c4ed6e821e67a6bfd56fd1702ad9a9719,polygon_quickswap_3,1.0
0x6699f00b75741fc7ca4d20e190f763086f77cb41,polygon_quickswap_3,1.0
0x9ceff2f5138fc59eb925d270b8a7a9c02a1810f2,polygon_quickswap_3,1.0
0x7b925e617aefd7fb3a93abe3a701135d7a1ba710,polygon_quickswap_3,1.0
0xdb975b96828352880409e86d5ae93c23c924f812,polygon_quickswap_3,1.0
0x7b925e617aefd7fb3a93abe3a701135d7a1ba710,polygon_quickswap_3,1.0
0x5fb5363825cbbcdab9b0326e0be6e05dae8737e6,polygon_quickswap_3,1.0
0x6699f00b75741fc7ca4d20e190f763086f77cb41,polygon_quickswap_3,1.0
0x9ceff2f5138fc59eb925d270b8a7a9c02a1810f2,polygon_quickswap_3,1.0
0x17b509b2b65b0d07b9e46bfc2ffe6c9c09a8e821,polygon_quickswap_3,1.0
0x55caabb0d2b704fd0ef8192a7e35d8837e678207,polygon_quickswap_3,1.0
0xeffa9e5e63ba18160ee26bda56b42f3368719615,polygon_quickswap_3,1.0
0x2fa71491f8070fa644d97b4782db5734854c0f6f,optimism_velodrome_2_cl,0.8
0x47a90a2d92a8367a91efa1906bfc8c1e05bf10c4,bnb_uniswap_3,0.8
0xd08c50f7e69e9aeb2867deff4a8053d9a855e26a,mantle_agni_3,0.8
0x478946bcd4a5a22b316470f5486fafb928c0ba25,optimism_velodrome_2_cl,0.8
0x47a90a2d92a8367a91efa1906bfc8c1e05bf10c4,bnb_uniswap_3,0.8
0xd08c50f7e69e9aeb2867deff4a8053d9a855e26a,mantle_agni_3,0.8
0x478946bcd4a5a22b316470f5486fafb928c0ba25,optimism_velodrome_2_cl,0.8
0x0d3a9eed32e90fa2c976ac355e30dc51bcc9abaf,bnb_uniswap_3,0.8
0xd08c50f7e69e9aeb2867deff4a8053d9a855e26a,mantle_agni_3,0.8
0x39ed27d101aa4b7ce1cb4293b877954b8b5e14e5,optimism_velodrome_2_cl,0.8
0xcb99fe720124129520f7a09ca3cbef78d58ed934,bnb_uniswap_3,0.8
0xd08c50f7e69e9aeb2867deff4a8053d9a855e26a,mantle_agni_3,0.8
0x4141325bac36affe9db165e854982230a14e6d48,bnb_uniswap_3,0.8
0xd08c50f7e69e9aeb2867deff4a8053d9a855e26a,mantle_agni_3,0.8
0x0d3a9eed32e90fa2c976ac355e30dc51bcc9abaf,bnb_uniswap_3,0.8
0x0d9e39d357337edde4a9bc12178da40256e2f533,mantle_agni_3,0.8
0xb873e889f28e3d2c86f2495820dd5eca329bddf4,bnb_uniswap_3,0.8
0xf9b5f2babdd388737be702dd732fb6b6bfe9dc20,mantle_agni_3,0.8
0x4141325bac36affe9db165e854982230a14e6d48,bnb_uniswap_3,0.8
0x4141325bac36affe9db165e854982230a14e6d48,bnb_uniswap_3,0.8
0xdb2177fee5b0ebdc7b8038cb70f3964bb6d14143,bnb_uniswap_3,0.8
0x0adaf134ae0c4583b3a38fc3168a83e33162651e,bnb_uniswap_3,0.8
0x813c0decbb1097fff46d0ed6a39fb5f6a83043f4,bnb_uniswap_3,0.8
0x28df0835942396b7a1b7ae1cd068728e6ddbbafd,bnb_uniswap_3,0.8
0xa33d58dd24ad078a1c8dfae414e9e84ef7da6335,bnb_uniswap_3,0.8
0x47a90a2d92a8367a91efa1906bfc8c1e05bf10c4,bnb_uniswap_3,0.8
0x47a90a2d92a8367a91efa1906bfc8c1e05bf10c4,bnb_uniswap_3,0.8
0x1bca769705ff0d3bc1f52ad680dc0a13ed5fc0b3,bnb_uniswap_3,0.8
0xe72b6dd415cdaceac76616df2c9278b33079e0d3,sonic_wagmi_3,0.7
0x67366782805870060151383f4bbff9dab53e5cd6,polygon_uniswap_4,0.7
0x498581ff718922c3f8e6a244956af099b2652b2b,base_uniswap_4,0.7
0xdf7a37c270cfcd8ae9947a907d8c7ed6b188eda4,sonic_wagmi_3,0.7
0x67366782805870060151383f4bbff9dab53e5cd6,polygon_uniswap_4,0.7
0x498581ff718922c3f8e6a244956af099b2652b2b,base_uniswap_4,0.7
0x25f746bb206041ed8da6f08ed1d32454a5856d37,sonic_wagmi_3,0.7
0x67366782805870060151383f4bbff9dab53e5cd6,polygon_uniswap_4,0.7
0x498581ff718922c3f8e6a244956af099b2652b2b,base_uniswap_4,0.7
0x67366782805870060151383f4bbff9dab53e5cd6,polygon_uniswap_4,0.7
0x498581ff718922c3f8e6a244956af099b2652b2b,base_uniswap_4,0.7
0x67366782805870060151383f4bbff9dab53e5cd6,polygon_uniswap_4,0.7
0x8189c4c96826d016a99986394103dfa9ae41e7ee,gnosis_balancer_2,0.6
0x74cb6260be6f31965c239df6d6ef2ac2b5d4f020,base_baseswap_3,0.6
0x000000000004444c5dc75cb358380d2e3de08a90,ethereum_uniswap_4,0.6
0x2086f52651837600180de173b09470f54ef74910,gnosis_balancer_2,0.6
0x74cb6260be6f31965c239df6d6ef2ac2b5d4f020,base_baseswap_3,0.6
0x00df7f58e1cf932ebe5f54de5970fb2bdf0ef06d,gnosis_balancer_2,0.6
0x74cb6260be6f31965c239df6d6ef2ac2b5d4f020,base_baseswap_3,0.6
0x4d7adc5e362a97b5ba1b02bc0447249ac81e76ad,gnosis_balancer_2,0.6
0x74cb6260be6f31965c239df6d6ef2ac2b5d4f020,base_baseswap_3,0.6
0xa99fd9950b5d5dceeaf4939e221dca8ca9b938ab,gnosis_balancer_2,0.6
0x95652709f0ce29c1bf16576ea1d3de2a007727f4,base_baseswap_3,0.6
0x00df7f58e1cf932ebe5f54de5970fb2bdf0ef06d,gnosis_balancer_2,0.6
0xef3c164b0fee8eb073513e88ecea280a58cc9945,base_baseswap_3,0.6
0x6332a93695a0959a9323732728782c3dd4dff34b,gnosis_balancer_2,0.6
0x74cb6260be6f31965c239df6d6ef2ac2b5d4f020,base_baseswap_3,0.6
0x88492051e18a65fe00241a93699a6082ae95c828,base_baseswap_3,0.6
0x94f64594854df80d2daddb62830af8e9ac8654c0,base_baseswap_3,0.6
0x74cb6260be6f31965c239df6d6ef2ac2b5d4f020,base_baseswap_3,0.6
0x26f859da14329022dba1b87dd1998f18e3b222fe,base_baseswap_3,0.6
0xf9a72fd5c30112af583b86b190b2d776b6c3c056,base_baseswap_3,0.6
0xe8537b6ff1039cb9ed0b71713f697ddbadbb717d,optimism_velodrome_1,0.5
0xf7aa265d01b58b66bdcd1b534fc24fe4867ad39e,bnb_biswap_2,0.5
0x47029bc8f5cbe3b464004e87ef9c9419a48018cd,optimism_velodrome_1,0.5
0xda8ceb724a06819c0a5cdb4304ea0cb27f8304cf,bnb_biswap_2,0.5
0xf9ab5dd8f239e2916f54e8b1de171aa9c04aa136,avalanche_c_trader_joe_2.2,0.5
0x41c8cf74c27554a8972d3bf3d2bd4a14d8b604ab,zksync_maverick_1,0.5
0x9ae8b07117b784b27242fc90e3b99ce02fe66a73,bnb_biswap_2,0.5
0x864d4e5ee7318e97483db7eb0912e09f161516ea,avalanche_c_trader_joe_2.2,0.5
0xafa8ca24eac27b5ae680b7856e54fdb06b5f60be,zksync_maverick_1,0.5
0x810b5e9e9e84f3cbe2fa3730e8705d0fba25dd1b,avalanche_c_trader_joe_2.2,0.5
0x8a1a9efb7f7f74ace10a31f2f5f9f7e804f957b1,sei_oku_3,0.4
0x2ecb08f87f075b5769fe543d0e52e40140575ea7,ronin_katana_2,0.4
0x8a1a9efb7f7f74ace10a31f2f5f9f7e804f957b1,sei_oku_3,0.4
0xa7964991f339668107e2b6a6f6b8e8b74aa9d017,ronin_katana_2,0.4
0x8a1a9efb7f7f74ace10a31f2f5f9f7e804f957b1,sei_oku_3,0.4
0x7b496047e26c989af4fbd16b013940059e5b2594,ronin_katana_2,0.4
0x0493f80f3d4da87aa0f3713e81e84062d769e5e1,sei_oku_3,0.4
0x75ae353997242927c701d4d6c2722ebef43fd2d3,ronin_katana_2,0.4
0x39888258d60fed9228f89e13eb57a92f1fa832eb,avalanche_c_trader_joe_1,0.4
0xbb8b2da5db110ad625270061e81987ce342677c3,base_maverick_1,0.4
0x80ea8489ae1f3f389af94bc3b95e461a6c19dd20,ronin_katana_2,0.4
0x41ab86eecbd110a82ca602d032a461f453066f1e,avalanche_c_trader_joe_1,0.4
0xeed1c0ba2c17855288c3a2b36f3b5068346fa2bd,avalanche_c_trader_joe_1,0.4
0xeed1c0ba2c17855288c3a2b36f3b5068346fa2bd,avalanche_c_trader_joe_1,0.4
0xacb4adfc44b9209f3f951de2c666e7660e604ff0,avalanche_c_trader_joe_1,0.4
0x41ab86eecbd110a82ca602d032a461f453066f1e,avalanche_c_trader_joe_1,0.4
0x0dcd30561c1abe397feff30e244151869a3fedc6,avalanche_c_trader_joe_1,0.4
0x781655d802670bba3c89aebaaea59d3182fd755d,avalanche_c_trader_joe_1,0.4
0x2dcdab065b356e62c2966bae332268a286cc8cbd,base_balancer_2,0.3
0x2b959ccb3c8fc1ed7769004742c197e28251027e,optimism_solidly_3,0.3
0x6d121b98575f80274a42efa7b403d7b008d82e39,gnosis_honeyswap_2,0.3
0x8e3a13418743ab1a98434551937ea687e451b589,mantle_merchant_moe_1,0.3
0x360e68faccca8ca495c1b759fd9eee466db9fb32,arbitrum_uniswap_4,0.3
0x8e3a13418743ab1a98434551937ea687e451b589,mantle_merchant_moe_1,0.3
0x360e68faccca8ca495c1b759fd9eee466db9fb32,arbitrum_uniswap_4,0.3
0x8e3a13418743ab1a98434551937ea687e451b589,mantle_merchant_moe_1,0.3
0x777a8255ca72412f0d706dc03c9d1987306b4cad,celo_mento_2,0.3
0x8e3a13418743ab1a98434551937ea687e451b589,mantle_merchant_moe_1,0.3
0x360e68faccca8ca495c1b759fd9eee466db9fb32,arbitrum_uniswap_4,0.3
0x1a4d4aa3bd8587f6e05cc98cf87954f7d95c11c6,mantle_merchant_moe_1,0.3
0x777a8255ca72412f0d706dc03c9d1987306b4cad,celo_mento_2,0.3
0x57dbbf8ad81898f430cf45fead615a1e049c9f76,mantle_merchant_moe_1,0.3
0x360e68faccca8ca495c1b759fd9eee466db9fb32,arbitrum_uniswap_4,0.3
0x8e3a13418743ab1a98434551937ea687e451b589,mantle_merchant_moe_1,0.3
0xb3011007ebbb56c791eaebf87fe035190b8dbe62,gnosis_honeyswap_2,0.3
0x8e3a13418743ab1a98434551937ea687e451b589,mantle_merchant_moe_1,0.3
0x68e9c7e90c159cff4f7c257d7c0b3fb1fa1f8ef5,flare_sparkdex_3,0.3
0x8e3a13418743ab1a98434551937ea687e451b589,mantle_merchant_moe_1,0.3
0xff615535e281b96022f1423c89a83744fbf3dc27,base_maverick_2,0.3
0x2b6b093a6c2aba51e078540ad89ed76a0c6716fa,optimism_solidly_3,0.3
0xdf033790907c60c9b81ae355f76f74f52f92114a,base_maverick_2,0.3
0x8e3a13418743ab1a98434551937ea687e451b589,mantle_merchant_moe_1,0.3
0xff615535e281b96022f1423c89a83744fbf3dc27,base_maverick_2,0.3
0x00af133427899f2632434e235435dbce9271e971,fantom_spookyswap_1,0.3
0xf3eb87c1f6020982173c908e7eb31aa66c1f0296,arbitrum_sushiswap_2,0.3
0x616535324976f8dbcef19df0705b95ace86ebb48,base_maverick_2,0.3
0x65081cb48d74a32e9ccfed75164b8c09972dbcf1,unichain_uniswap_3,0.3
0xf3eb87c1f6020982173c908e7eb31aa66c1f0296,arbitrum_sushiswap_2,0.3
0xff615535e281b96022f1423c89a83744fbf3dc27,base_maverick_2,0.3
0x5b16de420b1d093b962c0bc03dd91b6d423f8c4a,unichain_uniswap_3,0.3
0x96ada81328abce21939a51d971a63077e16db26e,arbitrum_sushiswap_2,0.3
0x616535324976f8dbcef19df0705b95ace86ebb48,base_maverick_2,0.3
0x8d58a3348f302f2daad2bab66a83849d900effd9,unichain_uniswap_3,0.3
0x616535324976f8dbcef19df0705b95ace86ebb48,base_maverick_2,0.3
0xdf033790907c60c9b81ae355f76f74f52f92114a,base_maverick_2,0.3
0x2153484894dfd38d7af28de7a6d10de3b007a06b,base_maverick_2,0.3
0x2dbc9ab0160087ae59474fb7bed95b9e808fa6bc,polygon_balancer_2,0.2
0xd04bc65744306a5c149414dd3cd5c984d9d3470d,arbitrum_uniswap_2,0.2
0xd208168d2a512240eb82582205d94a0710bce4e7,polygon_balancer_2,0.2
0x706937dc141231168be1694d5ea9dcd04739bb41,bnb_mdex_1,0.2
0x60d0601684e8f81830c8ac2040ef1fe5fed3a489,polygon_balancer_2,0.2
0x82e8f9e7624fa038dff4a39960f5197a43fa76aa,bnb_mdex_1,0.2
0x0297e37f1873d2dab4487aa67cd56b58e2f27875,polygon_balancer_2,0.2
0xa77ef59ff29cdb5f6205eee4de2f9b9f22274ebe,bnb_mdex_1,0.2
0xe728af1d484e36ae03d0d58e4e1565d28bf414f6,fantom_solidly_3,0.2
0xfd1ef328a17a8e8eeaf7e4ea1ed8a108e1f2d096,bnb_apeswap_1,0.2
0x19127998126b6c7d32d596ee15d32719b1789c8e,polygon_balancer_2,0.2
0x6352a56caadc4f1e25cd6c75970fa768a3304e64,base_openocean_2,0.2
0x7f85e0c38ba63f7236117472fa71faf655769c8a,base_baseswap_2,0.2
0x6352a56caadc4f1e25cd6c75970fa768a3304e64,base_openocean_2,0.2
0x9a13f98cb987694c9f086b1f5eb990eea8264ec3,optimism_uniswap_4,0.2
0xf682b0001d0232cbd9ae9d4d401822f37e45fb92,unichain_uniswap_2,0.2
0xd47d2791d3b46f9452709fa41855a045304d6f9d,fantom_beethoven_x_1,0.2
0xfc067766349d0960bdc993806ea2e13fcfc03c4d,polygon_sushiswap_1,0.2
0xb75c9073ea00abda9ff420b5ae46fee248993380,sonic_equalizer_1,0.2
0x6d12d3fe16dd83115254a32b273b05ac5444c349,fantom_beethoven_x_1,0.2
0x9a13f98cb987694c9f086b1f5eb990eea8264ec3,optimism_uniswap_4,0.2
0x6c6ae185ebe8a7f90ad545d0327c990477781f8b,unichain_uniswap_2,0.2
0x9a13f98cb987694c9f086b1f5eb990eea8264ec3,optimism_uniswap_4,0.2
0x945313511636df13b54b70fba47db0b4da7ed499,unichain_uniswap_2,0.2
0x9a13f98cb987694c9f086b1f5eb990eea8264ec3,optimism_uniswap_4,0.2
0x9f46dd8f2a4016c26c1cf1f4ef90e5e1928d756b,sonic_silverswap_3,0.1
0x48ef5640e71001cac842f5627a0bfec1ef09deb7,mantle_uniswap_3,0.1
0x30c99b07271d9a7143c324f04c77642262380c88,zkevm_quickswap_3,0.1
0xfc60a4d05ac8c93f62276e046ad5a098f5c7820a,mantle_uniswap_3,0.1
0x9f46dd8f2a4016c26c1cf1f4ef90e5e1928d756b,sonic_silverswap_3,0.1
0x23c5d44da659fdec766cf08af26f787bd46a98fc,scroll_nuri_1,0.1
0x9f46dd8f2a4016c26c1cf1f4ef90e5e1928d756b,sonic_silverswap_3,0.1
0x27ed78122b8ef363f4ef5b3afe197e0c4a2fa514,linea_nile_1,0.1
0x66def9ad68accb63d4c96dc13cb7a7f9d5e03ae5,sonic_silverswap_3,0.1
0x02efd69765a2f8df9797b13a046b7f080ad40cd7,scroll_nuri_1,0.1
0x9f46dd8f2a4016c26c1cf1f4ef90e5e1928d756b,sonic_silverswap_3,0.1
0xadf56f4966f965d1759ecd3d63028d610e773817,arbitrum_solidly_3,0.1
0x0484ae96984bcadf6476811974eeb6c7975b483f,base_infusion_1,0.1
0xe0da810f07da1eace7f044afd081f8583dbe9cd3,scroll_nuri_1,0.1
0x9f46dd8f2a4016c26c1cf1f4ef90e5e1928d756b,sonic_silverswap_3,0.1
0x6ca298d2983ab03aa1da7679389d955a4efee15c,ethereum_pancakeswap_3,0.1
0x3cb104f044db23d6513f2a6100a1997fa5e3f587,linea_lynex_fusion,0.1
0x6ca298d2983ab03aa1da7679389d955a4efee15c,ethereum_pancakeswap_3,0.1
0xd446eb1660f766d533beceef890df7a69d26f7d1,avalanche_c_trader_joe_2.1,0.1
0x03c01acae3d0173a93d819efdc832c7c4f153b06,base_swaap_2,0.1
0x2f1da4bafd5f2508ec2e2e425036063a374993b6,avalanche_c_trader_joe_2.1,0.1
0x6ca298d2983ab03aa1da7679389d955a4efee15c,ethereum_pancakeswap_3,0.1
0xa30ac54aecaddd6f3ad4870d38c4713a01ea5eb8,kaia_klay_swap_3,0.1
0xa20c959b19f114e9c2d81547734cdc1110bd773d,avalanche_c_pharaoh_1,0.1
0xbc309cec74b8181d39945ed89acb761eb25b4c72,kaia_klay_swap_3,0.1
0xfae3f424a0a47706811521e3ee268f00cfb5c45e,avalanche_c_uniswap_3,0.1
0xd405b976ac01023c9064024880999fc450a8668b,bnb_thena_fusion,0.1
0x98240fef612ecfd84830b210a544e9a906c48199,avalanche_c_uniswap_3,0.1
0x1b9a1120a17617d8ec4dc80b921a9a1c50caef7d,bnb_thena_fusion,0.1
0x97bb1788dcd64e17166931b87789cae97c154009,avalanche_c_uniswap_3,0.1
0xa60a504d92a1c95bda729c3f745b361ca822d6dd,bnb_thena_fusion,0.1
0x03c01acae3d0173a93d819efdc832c7c4f153b06,bnb_swaap_2,0.1
0x1f9b1a3ddedbf47b96c65f29c0586b678de2623b,bnb_thena_fusion,0.1
0x74ad64bac8df96af2b63ea50c3d8840b79aa7a3b,base_solidly_3,0.1
0x1123e75b71019962cd4d21b0f3018a6412edb63c,bnb_thena_fusion,0.1
0x7f0db0d77d0694f29c3f940b5b1f589fff6ef2e0,blast_thruster_UNI-V3,0.1
0x1b932598da273069e1878e4a1505b6f833462210,bnb_thena_fusion,0.1
0xf00da13d2960cf113edcef6e3f30d92e52906537,blast_thruster_UNI-V3,0.1
0xcb80b1a9e7b319a4c5ec6b0666967ca1e309e40f,base_balancer_3,0.1
0xed9e3f98bbed560e66b89aac922e29d4596a9642,base_woofi_2,0.1
0xcb0e5bfa72bbb4d16ab5aa0c60601c438f04b4ad,arbitrum_sushiswap_1,0.1
0x1f98400000000000000000000000000000000004,unichain_uniswap_4,0.1
0x1f98400000000000000000000000000000000004,unichain_uniswap_4,0.1
0xcb0e5bfa72bbb4d16ab5aa0c60601c438f04b4ad,arbitrum_sushiswap_1,0.1
